-- phpMyAdmin SQL Dump
-- version 4.9.0.1
-- https://www.phpmyadmin.net/
--
-- Servidor: 127.0.0.1
-- Tiempo de generación: 02-01-2020 a las 20:20:16
-- Versión del servidor: 10.3.16-MariaDB
-- Versión de PHP: 7.3.7

SET SQL_MODE = "NO_AUTO_VALUE_ON_ZERO";
SET AUTOCOMMIT = 0;
START TRANSACTION;
SET time_zone = "+00:00";


/*!40101 SET @OLD_CHARACTER_SET_CLIENT=@@CHARACTER_SET_CLIENT */;
/*!40101 SET @OLD_CHARACTER_SET_RESULTS=@@CHARACTER_SET_RESULTS */;
/*!40101 SET @OLD_COLLATION_CONNECTION=@@COLLATION_CONNECTION */;
/*!40101 SET NAMES utf8mb4 */;

--
-- Base de datos: `cocina`
--

-- --------------------------------------------------------

--
-- Estructura de tabla para la tabla `categorias`
--

CREATE TABLE `categorias` (
  `id_categoria` int(11) NOT NULL,
  `cnombre` varchar(255) COLLATE utf8mb4_spanish_ci NOT NULL,
  `tipo` varchar(255) COLLATE utf8mb4_spanish_ci DEFAULT NULL
) ENGINE=InnoDB DEFAULT CHARSET=utf8mb4 COLLATE=utf8mb4_spanish_ci;

--
-- Volcado de datos para la tabla `categorias`
--

INSERT INTO `categorias` (`id_categoria`, `cnombre`, `tipo`) VALUES
(1, 'Aperitivos', NULL),
(2, 'Primeros Platos', 'Legumbres'),
(3, 'Primeros Platos', 'Pasta'),
(4, 'Primeros Platos', 'Patatas'),
(5, 'Primeros Platos', 'Verduras'),
(6, 'Segundos platos', 'Aves'),
(7, 'Segundos platos', 'Carnes'),
(8, 'Segundos platos', 'Huevos'),
(9, 'Segundos platos', 'Pescados'),
(10, 'Vegetarianas', NULL),
(11, 'Salsas', NULL),
(12, 'Masas', NULL),
(13, 'Postres', NULL),
(14, 'Tips', NULL);

-- --------------------------------------------------------

--
-- Estructura de tabla para la tabla `recetas`
--

CREATE TABLE `recetas` (
  `id_receta` int(11) NOT NULL,
  `nombre` varchar(255) COLLATE utf8mb4_spanish_ci NOT NULL,
  `ingredientes` longtext COLLATE utf8mb4_spanish_ci DEFAULT NULL,
  `descripcion` longtext COLLATE utf8mb4_spanish_ci NOT NULL,
  `url` varchar(255) COLLATE utf8mb4_spanish_ci NOT NULL,
  `imagen` mediumtext COLLATE utf8mb4_spanish_ci DEFAULT NULL
) ENGINE=InnoDB DEFAULT CHARSET=utf8mb4 COLLATE=utf8mb4_spanish_ci;

--
-- Volcado de datos para la tabla `recetas`
--

INSERT INTO `recetas` (`id_receta`, `nombre`, `ingredientes`, `descripcion`, `url`, `imagen`) VALUES
(1, 'Callos de ternera', '<b>Ingredientes</b><br><br>\r\n<ul>\r\n<li>1 Kg y ½ de callos<br>\r\n<li>1 kg de tomate (natural o en conserva)<br>\r\n<li>2 chorizos picantes<br>\r\n<li>200 gr de jamón serrano a tacos<br>\r\n<li>1 cabeza de ajos<br>\r\n<li>2 hojas de laurel<br>\r\n<li>2 cayenas (si gusta picante)<br>\r\n<li>1 limón<br>\r\n<li>1 cebolla, 1 zanahoria y 2 ramas de apio (para cocerlos)\r\n</ul>', '<b>Descripción</b><br><br>\r\n\r\n\r\n1.- Lavar los callos, rascándolos con un cuchillo y frotándolos después con limón.<br>\r\n\r\n2.- Se trocean y se ponen en la olla con dos dedos de agua fría, que hiervan dos minutos, los escurrimos y tiramos esa agua.<br>\r\n\r\n3.- Colocamos nuevamente los callos en la olla, ponemos agua fría que casi los cubra, añadimos la cebolla, el apio y la zanahoria.<br>\r\n\r\n4.- Cuando suba el 2º aro de la olla, lo bajaremos a medio fuego durante 20 minutos.<br>\r\n\r\n5.- Abrimos la olla, reservamos un poco del caldo y el resto lo tiramos.<br>\r\n\r\n6.- Entre tanto vamos friendo el tomate con poco aceite.<br>\r\n\r\n7.- En el tomate ya casi frito, le agregamos la sal, las cayenas, el chorizo a rodajas, la cabeza de ajos y el laurel.<br>\r\n\r\n8.- Una vez terminado de freír el tomate le añadimos los callos escurridos, es ahora cuando los salamos,  les damos unas vueltas para que se impregnen bien con el tomate.<br>\r\n\r\n9.- Vamos añadiendo un poco del caldo, cuantas veces precisemos, para que estén jugosos mientras se terminan de hacer.<br>\r\n\r\n10.- Los tendremos a fuego bajo durante 15 ó 20 minutos. Hasta que la cabeza de ajos esté tierna, es entonces cuando estarán terminados.<br><br>\r\n\r\n\r\n<i>NOTA: Los callos al día siguiente están mejor. También los podemos congelar en porciones. Este plato sirve de segundo y en menos cantidad de aperitivo o entrante.</i>', 'VtO3URmZXtY', 'img/Recetas/Aperitivos/Callos.jpg'),
(2, 'Caracoles con alioli', '<b>Ingredientes</b><br><br>\r\n<ul>\r\n<li>Caracoles precocinados<br>\r\n<li>Alioli sin huevo\r\n</ul>', '<b>Descripción</b><br><br>\r\n\r\n1.- Los caracoles ya están a medio hacer, en la receta “Cómo lavar y cocinar caracoles”, os digo como se hacen.<br>\r\n2.- Ponemos una sartén con poco aceite a calentar.<br>\r\n3.- Cuando el aceite está caliente ponemos los caracoles, les damos unas vueltas y bajamos el fuego.<br>\r\n4.- Los tenderemos a fuego bajo y dándoles algunas vueltas durante 10 minutos, no necesitan sal, ya la pusimos cuando los pre cocinamos.<br>\r\n5.- Los servimos acompañados de alioli, tenéis la receta en “Alioli sin huevo.”<br>\r\n<br>\r\n<i>NOTA: No es necesario poner cayena, el alioli pica suficiente.</i>', 'L4tQ_RjTaO4', 'img/Recetas/Aperitivos/Caracoles_con_alioli.jpg'),
(3, 'Caracoles con cebolla y tomate', '<b>Ingredientes para 4 personas:</b><br><br>\r\n\r\nCaracoles precocinados<br><br>\r\n<ul>\r\n<li>1 Cebolla<br>\r\n<li>2 Tomates\r\n</ul>', '<b>Descripción</b><br><br>\r\n\r\n1.- Los caracoles ya están a medio hacer, en la receta <a href=\"index.php?contr=RecetaController.php&id=65&accion=ver\">Cómo lavar y cocinar caracoles</a>, os digo como se hacen.<br>\r\n\r\n2.- Ponemos una sartén con aceite a calentar.<br>\r\n\r\n3.- Cuando el aceite está caliente ponemos los caracoles, les damos unas vueltas y añadimos la cebolla troceadita, bajamos el fuego y la dejamos 10 minutos.<br>\r\n\r\n4.- Ahora le damos una vuelta y ponemos el tomate troceado y pelado.<br>\r\n\r\n5.- Ponemos sal solamente al tomate y la cebolla (los caracoles ya la tienen de cuando los precocinamos). Los dejaremos otros 10 minutos a fuego bajo.<br>\r\n\r\n6.- Pasado este tiempo los tenderemos 20 minutos a fuego bajo y dándoles algunas vueltas.<br>\r\n\r\n7.- Cuando esté el tomate hecho ya los tendremos listos para degustar.<br>\r\n<br>\r\n\r\n<i>NOTA: Esta tapa resulta deliciosa a pesar de ser tan sencilla, pero no se puede hacer deprisa.</i>', 'rwdHy2vCkKw', 'img/Recetas/Aperitivos/Caracoles_con_cebolla_y_tomate.jpg'),
(4, 'Chipirones rellenos', '<b>Ingredientes</b><br><br>\r\n<ul>\r\n<li>½ kg de chipirones<br>\r\n<li>1 pimiento verde<br>\r\n<li>2 ó 3 cebollas<br>\r\n<li>1 rebanada de pan<br>\r\n<li>10 palitos de cangrejo<br>\r\n<li>4 sobres de tinta<br>\r\n<li>1 tomate<br>\r\n<li>3 huevos duros\r\n</ul>', '<b>Descripción</b><br><br>\r\n\r\n1.- Limpiamos los chipirones. En el vídeo <a href=\"index.php?contr=RecetaController.php&id=66&accion=ver\">Cómo limpiar chipirones</a> lo explico.<br>\r\n\r\n2.- Preparamos el relleno cortando en cuadritos los palitos, los huevos y las patas con las aletas del chipirón.<br>\r\n\r\n3.- Los rellenamos y los cerremos con un palillo.<br>\r\n\r\n4.- Cortamos también en brunoise el pimiento y la cebolla.<br>\r\n\r\n5.- Ponemos en una cazuela amplia un poco de aceite, cuando esté caliente incorporamos el pimiento y la cebolla, lo salamos, es toda la sal que pondremos en este plato.  Lo sofreímos un poco.<br>\r\n\r\n6.- Dispondremos de forma ordenada los chipirones rellenos junto con todo el relleno que nos haya sobrado. Tapamos la cazuela con la tapadera del revés conteniendo un poco de agua (esto es para que no se peguen).<br>\r\n\r\n7.- Los tendremos 30 minutos, es muy importante que el fuego esté al mínimo.<br>\r\n\r\n8.- Transcurrida la media hora, los sacamos a un plato y les quitamos el palillo.<br>\r\n\r\n9.- Todo lo que contiene la cazuela junto con el pan y la tinta lo trituramos en la batidora.<br>\r\n\r\n10.- Ponemos nuevamente la salsa ya triturada en la cazuela junto con los chipirones sin el palillo, dejaremos que se mezclen los sabores durante 10 minutos al mínimo.<br>\r\n\r\n11.- Ya podremos degustarlos o bien reservarlos para el día siguiente, también se pueden congelar.<br>\r\n<br>\r\n\r\n<i>NOTA: Reconozco que es un plato laborioso pero su resultado es delicioso. También se puede servir como entrante o aperitivo.</i>', '4rzEr5diE-I', 'img/Recetas/Aperitivos/Chipirones_rellenos.jpg'),
(5, 'Chips de boniato', '<b>Ingredientes</b><br><br>\r\n<ul>\r\n<li>1 boniato<br>\r\n<li>Aceite de oliva y sal\r\n</ul>', '<b>Descripción</b><br><br>\r\n\r\n1.- Pelamos el boniato.<br>\r\n\r\n2.- Lo cortamos lo más fino posible, si se dispone de mandolina mejor.<br>\r\n\r\n3.- Ponemos a calentar abundante aceite en la sartén, es recomendable que sea de oliva primero por su sabor y segundo por aguantar mejor la temperatura de la fritura.<br>\r\n\r\n4.- Cuando este caliente ponemos las láminas de boniato sin que se amontonen.<br>\r\n\r\n5.- Se hacen enseguida, les damos la vuelta.<br>\r\n\r\n6.- Las sacamos a un papel de cocina para quitar el aceite sobrante.<br>\r\n\r\n7.- Las colocamos en un bol y les ponemos entonces la sal.<br>\r\n<br>\r\n\r\n<i>NOTA: Si nos gustan muy crujientes deberemos dejar que se doren un poquito, pero ser rápidos en sacarlas porque se queman enseguida. En caso de no tener mandolina se puede sustituir por un pelador o por un cuchillo cortándolas muy finas. Las patatas chip se hacen igual.</i>', 'ZJsAK7NcNto', 'img/Recetas/Aperitivos/Chips_de_boniato.jpg'),
(6, 'Melón con jamón', '<b>Ingredientes</b><br><br>\r\n<ul>\r\n<li>Melón<br>\r\n<li>Jamón serrano\r\n</ul>', '<b>Descripción</b><br><br>\r\n\r\n1.- Lavamos el melón y lo secamos.<br>\r\n\r\n2.- Quitamos con cuidado la piel.<br>\r\n\r\n3.- Sacamos unas bolas con la cucharilla parisina, también se puede cortar a cuadros en caso de no tener esta cucharilla.<br>\r\n\r\n4.- Cortamos unas tiras de jamón serrano.<br>\r\n\r\n5.- Colocamos el jamón envolviendo las bolas de melón y sujetándolo con un palillo.<br><br>\r\n\r\n<i>NOTA: Tomando este aperitivo con el melón frió y el jamón a temperatura ambiente, se consigue sacar mejor el contraste de los sabores.</i>', 'emX1wqRtyXM', 'img/Recetas/Aperitivos/melon_jamon.jpg'),
(7, 'Patatas aliñadas', '<b>Ingredientes</b><br><br>\r\n<ul>\r\n<li>¼ kg de patatas pequeñas<br>\r\n<li>½ litro de agua<br>\r\n<li>Sal gorda, perejil, hierba buena y ajo\r\n</ul>', '<b>Descripción</b><br><br>\r\n\r\n1.- Lavamos bien las patatas con la piel.<br>\r\n\r\n2.- En la olla rápida ponemos el medio litro de agua a hervir.<br>\r\n\r\n3.- Cuando hierva el agua agregamos un puñado de sal y las patatas con su piel.<br>\r\n\r\n4.- Cerramos la olla, cuando suba el primer aro, la bajamos a medio fuego durante 10 minutos.<br>\r\n\r\n5.- Pasado este tiempo y con la olla ya sin vapor, la abrimos y comprobamos que las patatas estén cocidas (clavando un cuchillo deberán de soltarse). Dependerá del tamaño de la patata el tiempo de cocción.<br>\r\n\r\n6.- Sacamos las patatas y dejamos que se templen para pelarlas.<br>\r\n\r\n7.- Una vez peladas las cortamos a rodajas gorditas.<br>\r\n\r\n8.- Las servimos con sal gorda, ajo troceado, perejil y aceite. Podemos sustituir el perejil por hierba buena.', 'nwzN94jNiHc', 'img/Recetas/Aperitivos/Patatas_aliñadas.jpg'),
(8, 'Patatas bravas', '<b>Ingredientes por persona para tapa o aperitivo:</b><br><br>\r\n<ul>\r\n<li>1 patata mediana<br>\r\n<li>Aceite y sal<br>\r\n<li><u>Salsas:</u> mayonesa, tabasco (picante) y ketchup\r\n</ul><br><br>\r\n\r\nUtilizaremos 2 patatas por persona si las queremos de primer plato.', '<b>Descripción</b><br><br>\r\n\r\n1.- Lavamos bien las patatas, las colocamos en la bandeja del horno. (Si ponéis papel de horno en la bandeja, la fregareis con mucha facilidad).<br>\r\n\r\n2.- Rociar las patatas con aceite y sal.<br>\r\n\r\n3.- Meterlas en el horno a 190º durante 30 minutos. Si las patatas son grandes las dejáis 50 minutos.<br>\r\n\r\n4.- Transcurrido este tiempo dejarlas 15 minutos más con el horno apagado.<br>\r\n\r\n5.- Cuando ya no os queméis, pelarlas y cortarlas no muy grandes para que quepan en la boca.<br>\r\n\r\n6.- Con el aceite bien caliente las vais friendo. Se tienen que dorar por fuera.<br>\r\n\r\n7.- Se sirven con mayonesa preferiblemente casera y tabasco, si os gusta le añadís ketchup.<br>\r\n<br>\r\n\r\n<i>NOTA: El tiempo para que estén las patatas asadas oscilará según el tamaño, se comprueba pinchándolas con un cuchillo, si se sueltan al subir el cuchillo es que ya están asadas.<br>\r\nLa mayonesa casera la tenéis en mi web: cocinaparaprincipiantes.com en el apartado de <a href=\"index.php?contr=RecetaController.php&accion=Salsas\">salsas</a>.</i>', 'C0p7WvyoPb0', 'img/Recetas/Aperitivos/patatas_bravas.jpg'),
(9, 'Rollo de salmón ahumado', '<b>Ingredientes para el rollo de salmón</b><br><br>\r\n<ul>\r\n<li>1 pastilla de espinacas congeladas<br>\r\n<li>4 huevos<br>\r\n<li>100 gr. de salmón ahumado<br>\r\n<li>4 lonchas de queso Havarti\r\n</ul><br>\r\n\r\n<b>Ingredientes para la besamel</b><br><br>\r\n<ul>\r\n<li>50 gr. de harina<br>\r\n<li>½ litro de leche<br>\r\n<li>50 gr. de aceite<br>\r\n<li>Sal, pimienta, nuez moscada\r\n</ul>', '<b>Descripción</b><br><br>\r\n\r\n1.- Para hacer el merengue, en un bol poner las claras y batir con un batidor manual, cuando esté reservar.<br>\r\n\r\n2.- Hacer una besamel en la sartén con el aceite caliente poner la harina, cuando esté doradita añadir la leche, la nuez moscada, la pimienta y la sal.<br>\r\n\r\n3.- Poner la besamel en un bol y añadirle las espinacas descongeladas y las yemas, remover para que se mezcle todo bien.<br>\r\n\r\n4.- Cuando esté homogénea la mezcla le agregaremos las claras y las mezclaremos con movimientos envolventes.<br>\r\n\r\n5.- Untar con mantequilla papel vegeta, colocarlo sobre la bandeja del horno y extender encima la mezcla del bol.<br>\r\n\r\n6.- Meter al horno 180º durante unos 20 minutos.<br>\r\n\r\n7.- Una vez horneada la mezcla, se extiende encima las lonchas de queso primero y el salmón después, dejar templar y enroscar como si fuera un brazo de gitano.<br>\r\n\r\n8.- Adornar con tiritas de salmón y servir con salsa mayonesa.<br>\r\nTambién se puede servir sobre una cama de  lechuga picadita.\r\n<br><br>\r\n\r\n<i>NOTA: Si tenéis thermomix, poner la mariposa en las cuchillas con las caras y  un chorrito de vinagre, programar 5 minutos, velocidad 2´5.<br>\r\nSacar el merengue y poner todos los ingredientes de la besamel (no es necesario limpiar el vaso), programar 7 minutos, temperatura 90º velocidad 4</i>', 'jcVIOtq74a4', 'img/Recetas/Aperitivos/Rollo_de_salmon.jpg'),
(10, 'Tartaletas de roquefort', '<b>Ingredientes</b><br><br>\r\n\r\n<ul>\r\n<li>Media cuña de queso roquefort<br>\r\n<li>200 ml de nata para cocinar (un tetrabrik pequeño)<br>\r\n<li>Un puñadito de pasas de corinto (éstas no tienen pepitas)<br>\r\n<li>Coñac o brandi<br>\r\n<li>Un paquete de tartaletas\r\n</ul>', '<b>Descripción</b><br><br>\r\n\r\n\r\n1.- Pondremos las pasas con el coñac a hidratar preferiblemente unas horas antes, de no ser así,  podéis darle un golpe de calor en el microondas.<br>\r\n\r\n2.- En una sartén sin aceite, ponemos el queso, le damos unas vueltas para que comience a fundirse.<br>\r\n\r\n3.- Le añadimos poco a poco la nata, removemos, no  pondremos sal, el queso es muy salado.<br>\r\n\r\n4.- Cuando ya tengamos toda la nata en la sartén, añadiremos las pasas con el coñac.<br>\r\n\r\n5.- Continuaremos removiendo un ratito con fuego moderado, hasta que la nata pierda su color blanco y coja  un poco de consistencia.<br>\r\n\r\n6.- En el momento que tengamos hecho el relleno, lo dejaremos enfriar, si las rellenamos en caliente, ablandará las tartaletas y no crujirán.<br>\r\n\r\n7.- Rellenar y servir.', 'H1KRVZbe8uQ', 'img/Recetas/Aperitivos/tartaletas_de_roquefort.jpg'),
(11, 'Ensalada de garbanzos', '<b>Ingredientes para 4 personas:</b><br><br>\r\n<ul>\r\n<li>½  pimiento rojo<br>\r\n<li>1 cebollas<br>\r\n<li>½ pimiento verde<br>\r\n<li>2 tomates<br>\r\n<li>400 gr de garbanzos (4 puñados)<br>\r\n<li>1 pepino<br>\r\n<li>Sal, vinagre y aceite\r\n</ul>', '<b>Descripción</b><br><br>\r\n\r\n1.- Cocemos los garbanzos en 1 litro de agua con sal (los pondremos cuando hierva el agua). Cuando suba el aro de la olla los tendremos 15 minutos a medio fuego. Si los garbanzos son de conserva, los lavaremos bien debajo del grifo.<br>\r\n\r\n2.- Pasados los 15 minutos, dejamos que se vaya el vapor de la olla y la abrimos.<br>\r\n\r\n3.- Escurrimos los garbanzos y los enfriamos con agua. Los reservamos.<br>\r\n\r\n4.- Troceamos a cuadritos las verduras.<br>\r\n\r\n5.- Las ponemos en un recipiente grande y las salamos.<br>\r\n\r\n6.- Añadimos los garbanzos a las verduras, les ponemos el vinagre, removemos y terminamos con el aceite, mezclando todos los ingredientes bien.<br>\r\n\r\n7.- Guardamos en la nevera hasta el momento de servir.<br>\r\n<br>\r\n\r\n<i>NOTA: Si la hacemos con tiempo estará mas fresquita y los sabores se mezclarán mas. Se puede preparar  con un  día de antelación. Admite maíz y manzana a cuadritos.</i>', 'XqmTUJs75OI', 'img/Recetas/Vegetarianos/Ensalada_de_garbanzos.jpg'),
(12, 'Garbanzos de ayuno', '<b>Ingredientes para 4 personas:</b><br><br>\r\n<ul>\r\n<li>5 puñados de garbanzos (1 por comensal y otro para la olla) ó 2 botes de conserva<br>\r\n<li>1 puñado de arroz<br>\r\n<li>1 cebolla<br>\r\n<li>½ pimiento rojo<br>\r\n<li>1 huevo duro<br>\r\n<li>½ pimiento verde<br>\r\n<li>Sal y aceite<br>\r\n<li>Litro y cuarto de agua\r\n</ul>', '<b>Descripción</b><br><br>\r\n\r\n1.- En una sartén ponemos un poco de aceite y freímos la cebolla, el medio pimiento rojo y el verde cortado a cuadritos, lo salamos.<br>\r\n\r\n2.- Ponemos la olla rápida con el agua.<br>\r\n\r\n3.- Cuando  hierva  le pondremos la sal y los garbanzos, el agua les cubrirá un dedo por encima de ellos.<br>\r\n\r\n4.- Dejaremos que se haga la espuma blanca para quitarla y poder poner el sofrito, el arroz y  el huevo duro troceado.<br>\r\n\r\n5.- Cerraremos la olla y cuando suba el primer aro la bajaremos al medio durante 15 minutos.<br>\r\n\r\n6.- Si los garbanzos son de conserva, los lavaremos bien y seguiremos los mismo pasos, sólo que los tendremos 7 minutos en la olla a medio fuego.<br>\r\n<br>\r\n\r\n<i>NOTA: Todas las legumbres se ponen a cocer con el agua fría, excepto los garbanzos que se ponen con el agua hirviendo, para que no resulten duros.<br>\r\n\r\nSi nos quedamos cortos con el agua, le podemos añadir más, pero la calentaremos en el microondas para que no tengan contraste de temperatura los garbanzos.<br>\r\n\r\nEl arroz se necesita para conseguir una  proteína vegetal completa.</i>', '4BQ8G1kViHo', 'img/Recetas/1plato/Legumbres/Garbanzos_de_ayuno.jpg'),
(13, 'Judías estofadas', '<b>Ingredientes para 4 personas:</b><br><br>\r\n<ul>\r\n<li>400 gr.  de judías blancas hidratadas (5 puñados)<br>\r\n<li>1 puñado de arroz<br>\r\n<li>2 hojas de laurel<br>\r\n<li>4 ajos enteros y perlados<br>\r\n<li>Sal, aceite y vinagre\r\n</ul>', '<b>Descripción</b><br><br>\r\n\r\n1.- Con el fuego apagado ponemos la olla rápida con un litro de agua.<br>\r\n\r\n2.- Agregamos las judías y encendemos el fuego.<br>\r\n\r\n3.- Cuando hierva saldrá una espuma blanca que quitaremos.<br>\r\n\r\n4.- Ya con el agua sin espuma añadimos el laurel, los ajos, el arroz, la sal, el aceite y por último el vinagre preferiblemente de Jerez o Rioja, pero no importa si es de Módena.<br>\r\n\r\n5.- Cerramos la olla y cuando suba el segundo aro, la pondremos a fuego medio durante 15 minutos.<br>\r\n\r\n6.- La abrimos cuando ya no tenga vapor y servimos.<br>\r\n<br>\r\n\r\n<i>NOTA: Se pueden acompañar de guindillas. Si utilizamos judías en conserva, tan sólo las tienes que llevar a ebullición con todos los ingredientes, menos el arroz, las dejaremos un poco para que el vinagre evapore lo más fuerte. Si ponemos arroz tendrán que cocer durante 20 minutos.</i>', 'bkrNsW_hgTg', 'img/Recetas/1plato/Legumbres/judias_estofadas.jpg'),
(14, 'Judías rojas', '<b>Ingredientes para 4 personas:</b><br><br>\r\n<ul>\r\n<li>400 gr de judías rojas ya hidratadas o de lata (puedes poner 5 puñados de judías son el equivalente a 400 gr.)<br>\r\n<li>100 gr de arroz<br>\r\n<li>2 cebollas<br>\r\n<li>1 litro de agua, sal y aceite\r\n</ul>', '<b>Descripción</b><br><br>\r\n\r\n1.- Ponemos la sartén con un poco de aceite para hacer el sofrito con las cebollas cortadas a cuadritos, las salaremos y rehogaremos con paciencia para que se caramelicen.<br>\r\n\r\n2.- Cuando tengamos la cebolla hecha le añadimos el arroz, le damos una vuelta y lo apartamos del fuego.<br>\r\n\r\n3.- Echamos el agua y las judías en la olla, (todo en frío) las ponemos a hervir.<br>\r\n\r\n4.- Cuando salga la espuma en el agua de la olla, la retiraremos (son las impurezas de las judías).<br>\r\n\r\n5.- Una vez retirada la espuma añadiremos el sofrito y salaremos las judías.<br>\r\n\r\n6.- Cerramos la olla y cuando suba el primer aro, la bajaremos a medio fuego durante 15 minutos.<br>\r\n\r\n7.- Cuando ya no tenga presión la olla, estarán listas para servir.', 'GcGGr9mOvJ0', 'img/Recetas/1plato/Legumbres/judias_rojas.jpg'),
(15, 'Lentejas', '<b>Ingredientes para 4 personas:</b><br><br>\r\n\r\n<ul>\r\n<li>300 gr de lentejas<br>\r\n<li>1 hoja de laurel<br>\r\n<li>1 puñado de arroz (unos 70gr.)<br>\r\n<li>1 chorizo<br>\r\n<li>1 cebolla<br>\r\n<li>1 zanahoria<br>\r\n<li>Litro y cuarto de agua<br>\r\n<li>1 pimiento\r\n</ul>', '<b>Descripción</b><br><br>\r\n\r\n1.- Hidratamos las lentejas, sumergiéndolas en agua durante 3 ó 4 horas y las escurrimos.<br>\r\n\r\n2.- Hacemos el sofrito con las verduras troceaditas, le ponemos la sal,  cuando estén doraditas añadimos el chorizo desmigado le damos unas vueltas y le agregamos el arroz.<br>\r\n\r\n3.- Echamos el agua en la olla junto con las lentejas todo en frío, la llevamos a ebullición, cuando salga la espuma, las espumamos.<br>\r\n\r\n4.- Una vez limpias de la espuma, las salamos y metemos el sofrito junto con el laurel.<br>\r\n\r\n5.- Cuando suba el primer aro de la olla, la bajamos a medio fuego y las tendremos 15 minutos.<br>\r\n\r\n6.- Transcurrido este tiempo están listas para tomar.<br>\r\n<br>\r\n\r\n<i>NOTA: Si ponéis más arroz deberéis de poner más agua. Las lentejas si son de la clase pardina (las pequeñitas), no sueltan el pellejo y son más agradables de tomar. El laurel ayuda a hacer mejor la digestión. El arroz junto con las lentejas forman una proteína completa.</i>', 'jGHbWHt12B4', 'img/Recetas/1plato/Legumbres/lentejas.jpg'),
(16, 'Ensalada de pasta', '<b>Ingredientes para 4 personas:</b><br><br>\r\n<ul>\r\n<li>400 gr de pasta (4 puñados)<br>\r\n<li>1 litro de agua<br>\r\n<li>1 tomate grande<br>\r\n<li>½ cebolla<br>\r\n<li>1 pepino<br>\r\n<li>Lechuga<br>\r\n<li>½ pimiento rojo<br>\r\n<li>Maíz\r\n</ul>', '<b>Descripción</b><br><br>\r\n\r\n1.- Ponemos el agua a hervir y cuando esté, agregamos la sal y la pasta.<br>\r\n\r\n2.- Cerramos la olla y cuando suba el aro la bajamos a medio fuego durante 3 minutos.<br>\r\n\r\n3.- Pasado este tiempo, escurrimos la pasta y la metemos en un cuenco con agua fría.<br>\r\n\r\n4.- Volvemos a escurrirla, la rociamos con un poco de aceite, (para que no se pegue) la removemos y dejamos que se enfríe.<br>\r\n\r\n5.- Lavamos y cortamos todas las verduras a cuadros.<br>\r\n\r\n6.- En un bol ponemos todas las verduras y las salamos (la pasta no necesita sal, ya lo sazonamos cuando lo cocimos).<br>\r\n\r\n7.- Añadimos la pasta a las verduras y aliñamos con vinagre. No es necesario aceite si le ponemos mayonesa.<br>\r\n\r\n8.- Mezclamos todo bien y servimos bien frío.<br>\r\n<br>\r\n\r\n<i>NOTA: Si hacemos esta ensalada a primera hora de la mañana, la metemos en la nevera y al tiempo de comer está bien fría.</i>', 'Zk5Gy5jyOPw', 'img/Recetas/1plato/Pasta/Ensalada_de_pasta.jpg'),
(17, 'Macarrones', '<b>Ingredientes para 4 personas:</b><br><br>\r\n<ul>\r\n<li>400 gr de macarrones (5 puñados)<br>\r\n<li>1 chorizo<br>\r\n<li>1 pimiento<br>\r\n<li>Tomate frito<br>\r\n<li>2 cucharillas de postre de tomate concentrado<br>\r\n<li>1 litro de agua\r\n</ul>', '<b>Descripción</b><br><br>\r\n\r\n1.- Troceamos y freímos la cebolla y el pimiento, lo salamos.<br>\r\n\r\n2.- Cuando esté pochado le añadimos el chorizo sin piel y desmenuzado, de damos unas vueltas y ponemos el tomate concentrado.<br>\r\n\r\n3.- En la olla ponemos el agua, cuando hierva añadimos la sal y agregamos el sofrito junto con los macarrones, le damos unas vueltas para que los macarrones no se peguen unos con otros y la cerramos.<br>\r\n\r\n4.- Cuando suba el primer aro la bajamos al medio y la tenemos 4 minutos, la destapamos,  los removemos y emplatamos.<br>\r\n<br>\r\n\r\n<i>NOTA: Si cuando abramos la olla, vemos que hay mucho caldo, sacamos lo macarrones sin caldo y ponemos el tomate frito en el plato.</i>', 'x4_wY3iMZVE', 'img/Recetas/1plato/Pasta/macarrones.jpg'),
(18, 'Fideos a la cazuela', '<b>Ingredientes para 4 personas:</b><br><br>\r\n<ul>\r\n<li>400 gr de fideos con agujero (o 5 puñados)<br>\r\n<li>800 gr de costilla de cerdo adobada (Mercadona)<br>\r\n<li>1 zanahoria, 1 pimiento verde y 1 cebolla<br>\r\n<li>1 litro de agua\r\n</ul>', '<b>Descripción</b><br><br>\r\n\r\n1.- Cortamos la costilla entre los huesos.<br>\r\n\r\n2.- En una sartén ponemos un poco de aceite, cuando esté caliente freímos la costilla (se pone poco aceite porque la costilla saca mucha grasa).<br>\r\n\r\n3.- Una vez frita la costilla, la sacamos y en ese aceite freímos las verduras que estarán cortadas a cuadritos (cebolla, pimiento y zanahoria), las salamos.<br>\r\n\r\n4.- Ponemos el  litro de agua en la olla, le echamos la sal y cuando hierva metemos las costillas ya fritas. Cerramos la olla y cuando suba el primer aro la bajamos a medio fuego durante 15 minutos.<br>\r\n\r\n5.- Pasados los 15 minutos, cuando el vapor nos deje abrir la olla, le añadimos el sofrito y los fideos.<br>\r\n\r\n6.- Cerramos nuevamente la olla y cuando suba el primer aro, la bajamos a medio fuego y la tenemos 5 minutos.<br>\r\n\r\n7.- Pasado este tiempo, en cuanto nos deje abrir el vapor la olla, removeremos un poco los fideos y ya se podrán servir.', '0PE2yBTc-6E', 'img/Recetas/1plato/Pasta/fideos_a_la_cazuela.jpg'),
(19, 'Lasaña de carne', '<b>Ingredientes para 6 personas:</b><br><br>\r\n<ul>\r\n<li>700 gr de carne picada (de cerdo o de ternera)<br>\r\n<li>Un paquete de canelones o de placas de lasaña<br>\r\n<li>1 pimiento<br>\r\n<li>1 cebolla<br>\r\n<li>Nuez moscada y pimienta<br>\r\n<li>Un poco de harina y un chorrito de leche\r\n</ul>', '<b>Descripción</b><br><br>\r\n\r\n1.- Ponemos en una cazuela ancha, 2 litros de agua. Cuando hierva, salamos el agua e incorporamos las placas una a una.<br>\r\n\r\n2.- Les daremos unas vueltas al principio para que no se peguen entre ellas. Las tendremos hirviendo de 5 a 10 minutos, según el gusto del comensal.<br>\r\n\r\n3.- Entre tanto vamos haciendo el sofrito con el pimiento y la cebolla.<br>\r\n\r\n4.- Cuando tengamos el sofrito hecho, le haremos un hueco en el centro de la sartén y colocaremos la carne.<br>\r\n\r\n5.- Salamos la carne y le añadimos pimienta y nuez moscada, la rehogamos.<br>\r\n\r\n6.- Una vez cocinada la carne, le espolvoreamos harina, se rehoga bien y se añade un poco de leche. Removemos hasta obtener un relleno compacto.<br>\r\n\r\n7.- Pasado el tiempo de cocción, sacamos las placas del agua a un escurridor y de ahí un bol con agua fría.<br>\r\n\r\n8.- Escurrimos nuevamente las placas y sin necesidad de secarlas, las disponemos en el recipiente para formar la lasaña.<br>\r\n\r\n9.- Pondremos un poco de besamel o aceite en el fondo del recipiente, taparemos el fondo con las placas, extenderemos parte del relleno sobre toda la superficie.<br>\r\n\r\n10.- Tapamos la carne con otra capa de placas y nuevamente extendemos el resto del relleno, tapándolo nuevamente con otra capa de placas.<br>\r\n\r\n11.- Disponemos la besamel de forma uniforme por toda la superficie y la metemos a gratinar.<br>\r\n\r\n12.- Cuando se comienza a dorar la sacamos y ya está.<br>\r\n<br>\r\n\r\n<i>NOTA: Es indiferente si utilizamos las placas de lasaña o de canelones y su cocción varía según el comensal. Se desaconseja cocerlas en exceso por ser más difíciles de digerir.</i>', 'Xl_hVn2eBn4', 'img/Recetas/2plato/Carnes/lasaña de carne.jpg'),
(20, 'Ensalada de patata', '<b>Ingredientes</b><br><br>\r\n<ul>\r\n<li>Atún<br>\r\n<li>4 patatas pequeñas<br>\r\n<li>½ cebolla<br>\r\n<li>2 tomates<br>\r\n<li>Olivas negras<br>\r\n<li>1 pepino<br>\r\n<li>Lechuga\r\n</ul>', '<b>Descripción</b><br><br>\r\n\r\n1.- Lavamos bien las patatas con su piel.<br>\r\n\r\n2.- Las ponemos en la olla rápida con un dedo de agua, echamos sal y cerramos la olla.<br>\r\n\r\n3.- Cuando suba el aro la bajamos a medio fuego durante  7 minutos (si las patatas son pequeñas).<br>\r\n\r\n4.- Abrimos la olla cuando no tenga presión.<br>\r\n\r\n5.- Sacamos las patatas para que se templen.<br>\r\n\r\n6.- Pelamos las patatas, las troceamos y dejamos que terminen de enfriarse.<br>\r\n\r\n7.- En un bol ponemos la cebolla y el pepino pelado y lavado cortado a rodajas.<br>\r\n\r\n8.- Lavamos, secamos y cortamos la lechuga. La añadimos al bol.<br>\r\n\r\n9.- Añadimos al bol los tomates cortados a rodajas si son grandes o por la mitad si son cherry.<br>\r\n\r\n10.- Ponemos las patatas que ya estarán frías con todo.<br>\r\n\r\n11.- Aliñamos la ensalada: sal, vinagre y aceite.<br>\r\n\r\n12.- Por último agregamos las olivas o aceitunas.<br>\r\n\r\n13.- Servimos los platos y se terminan de decorar con el atún.<br>\r\n<br>\r\n\r\n<i>NOTA: El atún es esencial en este plato. Se guarda en la nevera hasta el momento de servirla, es muy refrescante.</i>', '1Faf8jO_NU4', 'img/Recetas/1plato/patatas/ensalada_de_patata.jpg'),
(21, 'Puré de verano', '<b>Ingredientes para 4 personas:</b><br><br>\r\n<ul>\r\n<li>8 patatas medianas<br>\r\n<li>1 lata de pimiento morrón<br>\r\n<li>250 gr de atún en aceite de oliva<br>\r\n<li>1 lata de aceitunas rellenas y mayonesa\r\n</ul>', '<b>Descripción</b><br><br>\r\n\r\nPelamos las patatas y las ponemos a cocer enteras con 2 litros de agua y sal, cuando suba el 1º aro de la olla la bajamos a medio fuego durante 10 minutos. Cuando estén cocidas, las pasamos por el pasapurés y dejaremos que se enfríen.<br>\r\n<br>\r\nCon el puré ya frío montamos el flan.<br><br>\r\n<ol>\r\n         <li>Decoramos el fondo del recipiente<br>\r\n         <li>Capa fina de puré, mayonesa y aceitunas<br>\r\n         <li>Capa fina de puré, mayonesa y pimiento<br>\r\n         <li>Capa fina de puré, mayonesa y atún<br><br>\r\n</ol>\r\nLo taparemos con una fina capa de puré y lo dejaremos reposar en la nevera. Lo sacaremos, en el momento de servir.<br><br>\r\n\r\n\r\n<i>NOTA: También podéis utilizar como molde cualquier recipiente que previamente lo hayáis forrado con film transparente.</i>', 'fbP9dlPaZ9g', 'img/Recetas/1plato/patatas/pure_de_verano.jpg'),
(22, 'Sepia con patatas', '<b>Ingredientes para 4 personas:</b><br><br>\r\n<ul>\r\n<li>7 Patatas medianas<br>\r\n<li>1 puñado de arroz<br>\r\n<li>1 kg de sepia<br>\r\n<li>1 zanahoria<br>\r\n<li>200 g de gambas o langostinos<br>\r\n<li>1 pimiento verde o rojo<br>\r\n<li>100 g de guisantes (un puñado)<br>\r\n<li>½ litro de agua<br>\r\n<li>1 cucharilla de carne de pimiento choricero o ñoras hidratadas<br>\r\n<li>1 cebolla\r\n</ul>', '<b>Descripción</b><br><br>\r\n\r\n1.-Les quitamos a las gambas las cáscaras y las cabezas, reservamos las gambas crudas.<br>\r\n\r\n2.- En una sartén con poco aceite doramos las cabezas y cáscaras de las gambas.<br>\r\n\r\n3.- Cocemos en el medio litro de agua las cáscaras y cabezas fritas durante 10 minutos. (Si tienes Thermomix, 5´ V4  100º)<br>\r\n\r\n4.- Trascurridos los 10 minutos colamos las cáscaras y así tendremos el fumé para guisar la sepia, lo guardamos.<br>\r\n\r\n5.- Hacemos el sofrito, en la misma sartén que hemos utilizado, pondremos un poco de aceite y freiremos la cebolla troceada a cuadritos y el pimiento, lo salamos.<br>\r\n\r\n6.- Cuando estén fritos, añadimos la zanahoria y los guisantes les damos unas vueltas y ya tenemos el sofrito hecho, lo sacamos a un plato.<br>\r\n\r\n7.- En la misma sartén ponemos la sepia troceada (no se le pone sal), sólo se le da un golpe de calor (no se fríe).<br>\r\n\r\n8.- Ya colocamos en la olla rápida todo, la sepia, el sofrito, el arroz, la carne del pimiento choricero, las patatas y el fumé (caldo).<br>\r\n\r\n9.- Salamos las patatas y cerramos la olla, cuando suba el primer aro la bajamos al medio y la tenemos 5 minutos.<br>\r\n\r\n10.- En una sartén ponemos un poco de aceite y echamos las gambas, como no tienen cáscara se hacen muy rápido.<br>\r\n\r\n11.- Servimos los platos y colocamos encima las gambas.<br><br>\r\n\r\n\r\n<i>NOTA: Si las gambas son pequeñitas, las colocaremos en el fondo del plato crudas y pondremos la comida sobre ellas, con el mismo calor de la sepia con patatas se cocinaran y quedarán en su punto.<br>\r\nSe puede sustituir la sepia por potón, resulta mas tierno y económico.</i>', 'R0-eK5_1UkY', 'img/Recetas/1plato/patatas/sepia_con_patatas.jpg'),
(23, 'Alcachofas a la vinagreta', '<b>Ingredientes para 4 personas:</b><br><br>\r\n<ul>\r\n<li>1 kg. de alcachofas<br>\r\n<li>¼ litro de agua<br>\r\n<li>Aceite de oliva virgen extra<br>\r\n<li>Vinagre y sal\r\n</ul>', '<b>Descripción</b><br><br>\r\n\r\n1.- Limpiamos las alcachofas, quitando las hojas exteriores y pelamos el tronco. Si son pequeñas las pondremos enteras, en caso de ser grandes las coceremos partidas por la mitad.<br>\r\n\r\n2.- Ponemos la olla rápida con el agua a hervir, le añadimos la sal, cuando llegue a ebullición agregamos las alcachofas.<br>\r\n\r\n3.- Cuando suba el primer aro de la olla, la bajamos a medio fuego durante 8 minutos.<br>\r\n\r\n4.- Trascurrido  este tiempo y con  la olla ya sin vapor,  la abrimos.<br>\r\n\r\n5.- Las servimos rociándolas con vinagre y aceite de oliva.', 'Q0BFJctPW4A', 'img/Recetas/1plato/Verduras/Alcachofas_a_la_vinagreta.jpg'),
(24, 'Berenjenas rellenas', '<b>Ingredientes para 4 personas:</b><br><br>\r\n<ul>\r\n<li>½ kg de champiñones ó 1 lata<br>\r\n<li>2 berenjenas<br>\r\n<li>1 pimiento rojo ó 2 verdes<br>\r\n<li>1 cebolla grande<br>\r\n<li>200 gr. de beicon ahumado\r\n</ul>', '<b>Descripción</b><br><br>\r\n\r\n1.- Cortamos las berenjenas por la mitad y les hacemos unos cortes sin llegar a la piel, les ponemos un poco de sal y de aceite.<br>\r\n\r\n2.- Las metemos al horno a 190º durante 30 minutos.<br>\r\n\r\n3.- Vamos cortando las verduras para hacer el sofrito.<br>\r\n\r\n4.- Cuando saquemos las berenjenas del horno, las vaciaremos con una cucharilla y esa carne la troceamos y la reservamos.<br>\r\n\r\n5.- En una sartén con un poco de aceite hacemos el sofrito, ponemos las  verduras troceadas y crudas, cuando estén hechas añadiremos el beicon cortado a trocitos y los champiñones también.<br>\r\n\r\n6.- Le damos unas vueltas y echamos la carne de las berenjenas para que se mezclen los sabores.<br>\r\n\r\n7.- Rellenamos las berenjenas con el sofrito y las cubrimos con besamel.<br>\r\n\r\n8.- Ponemos el grill en el horno y las dejamos hasta que comiencen a dorarse.<br><br>\r\n\r\n\r\n<i>NOTA: Tenéis como hago la besamel en el apartado de salsas. Se pueden congelar una vez frías, hacéis paquetes individuales con film transparente.</i>', 'CkmcfBIcsi0', 'img/Recetas/1plato/Verduras/Berenjenas_rellenas.jpg'),
(25, 'Borraja con patatas', '<b>Ingredientes para 4 personas:</b><br><br>\r\n<ul>\r\n<li>1 Kg de borrajas<br>\r\n<li>2 ó 3 patatas medianas<br>\r\n<li>¼ litro de agua<br>\r\n<li>Un pellizco de sal<br>\r\n<li>Aceite de oliva virgen extra\r\n</ul>', '<b>Descripción</b><br><br>\r\n\r\n1.- Quitamos las hojas a los tallos de las borrajas con guantes para no pincharnos.<br>\r\n\r\n2.- Lavamos los tallos debajo del grifo para quitar la tierra que contengan.<br>\r\n\r\n3.- Cortamos los tallos del tamaño de un macarrón.<br>\r\n\r\n4.- Pelamos las patatas y las cortamos a trozos (cachelos).<br>\r\n\r\n5.- Ponemos el agua a hervir con la sal, hay que tener cuidado, esta verdura no precisa de sal, se pone una poca por  las patatas y para realzarle el sabor.<br>\r\n\r\n6.- Cuando hierva metemos la borraja y la patata, cerramos la olla cuando suba el primer aro, la bajamos al medio durante 10 minutos.<br>\r\n\r\n7.- Abrimos la olla y servimos rociándola con el aceite.<br><br>\r\n\r\n\r\n<i>NOTA: Se puede utilizar cualquier patata pero la roja es deliciosa para verduras cocidas.</i>', 'Hr_B59jW3TA', 'img/Recetas/1plato/Verduras/borrajas_con_patatas.jpg'),
(26, 'Calabaza Amarilla', '<b>Ingredientes para 4 personas:</b><br><br>\r\n<ul>\r\n<li>Una calabaza aproximadamente de 1 kg.<br>\r\n<li>3 patatas medianas<br>\r\n<li>¼ litro de agua<br>\r\n<li>Sal y aceite virgen extra\r\n</ul>', '<b>Descripción</b><br><br>\r\n\r\n1.- Lavamos la calabaza y la cortamos en trozos grandes, le quitamos la piel a esos trozos y las pepitas.<br>\r\n\r\n2.- Pelamos las patatas, las cortamos a trozos.<br>\r\n\r\n3.- Ponemos el agua a hervir con la sal, cuando hierva agregamos las patatas y la calabaza a la olla rápida.<br>\r\n\r\n4.- Cuando suba el primer aro de la olla, la bajamos a medio fuego durante 10 minutos.<br>\r\n\r\n5.- Una vez que ya no tenga presión la olla la abrimos y servimos.<br>\r\n\r\n6.- Es aconsejable poner un poco del caldo, se rocía con el aceite y normalmente los comensales la pican con el tenedor quedando como una crema.<br><br>\r\n\r\n\r\n<i>NOTA: Es el alimento más delicado para el estómago y para el inicio de las papillas en los bebés.<br>\r\nNos aporta carotenos.</i>', '9M30Yc63n84', 'img/Recetas/1plato/Verduras/calabaza_amarilla.jpg'),
(27, 'Cardo rápido', '<b>Ingredientes para 4 personas:</b><br><br>\r\n<ul>\r\n<li>2 botes de cardo en conserva<br>\r\n<li>4 ó 5 ajos<br>\r\n<li>Un poco de harina (como 4 cucharadas)<br>\r\n<li>Aceite\r\n</ul>', '<b>Descripción</b><br><br>\r\n\r\n1.- Ponemos en la sartén aceite, cuando está caliente incorporamos los ajos pelados y los doramos.<br>\r\n\r\n2.- Agregamos la harina y la rehogamos con fuego moderado para que se dore pero no se queme.<br>\r\n\r\n3.- Una vez ya dorada, sólo tenemos que ir incorporando el agua del cardo (de la conserva) poco a poco, removiendo constantemente hasta obtener la textura que deseemos.<br>\r\n\r\n4.- Es entonces cuando echaremos el cardo bien escurrido, le daremos unas vueltas para mezclarlo con la salsa y lo dejaremos a fuego suave durante 5 minutos para que se caliente bien.<br>\r\n\r\n5.- Ya caliente estará listo para servir.<br><br>\r\n\r\n\r\n<i>NOTA: Es aconsejable no tirar el caldo, reservarlo por si queréis rectificar la salsa, cuando esté de vuestro gusto ya lo podréis desechar.</i>', 'HEZyymv2_dU', 'img/Recetas/1plato/Verduras/cardo_rapido.jpg'),
(28, 'Crema de calabacín', '<b>Ingredientes para 4 personas:</b><br><br>\r\n<ul>\r\n<li>1 kg de calabacines<br>\r\n<li>½ de zanahorias<br>\r\n<li>1 cebolla<br>\r\n<li>Opcional 4 quesitos<br>\r\n<li>1 vaso de agua, aceite y sal\r\n</ul>', '<b>Descripción</b><br><br>\r\n\r\n1.- Lavamos bien toda la verdura y la troceamos.<br>\r\n\r\n2.- Ponemos la olla rápida con el agua.<br>\r\n\r\n3.- Cuando hierva añadimos la sal y las verduras.<br>\r\n\r\n4.- Cerramos la olla y cuando suba el 2º aro la bajamos a medio fuego durante 10 minutos.<br>\r\n\r\n5.- Transcurrido este tiempo y con la olla sin vapor, sacamos todo a la batidora.<br>\r\n\r\n6.- Agregamos  el aceite de oliva y trituramos.<br>\r\n\r\n7.- Ya se puede servir.<br>\r\n\r\n8.- Si lo queremos con quesitos, es ahora cuando los ponemos y volvemos a triturar.<br><br>\r\n\r\n\r\n<i>NOTA: No pongo patata porque no se necesita, yo hago este plato con la Thermomix y su velocidad emulsiona suficientemente. Si veis que con vuestra batidora sale menos consistente tenéis dos opciones, añadir una patata pequeña o no poner nada del agua de la cocción.</i>', '3ND8fzjMxnI', 'img/Recetas/1plato/Verduras/crema_de_calabacin.png'),
(29, 'Espárragos blancos', '<b>Ingredientes</b><br><br>\r\n<ul>\r\n<li>1 kg de espárragos blancos naturales<br>\r\n<li>1 cucharada sopera de azúcar<br>\r\n<li>½ cucharada sopera de sal<br>\r\n<li>¾ de agua (que los cubra)\r\n</ul>', '<b>Descripción</b><br><br>\r\n\r\n1.- Lavamos los espárragos, les quitamos el extremo del tallo y los pelamos (con pelador de sierra a ser posible).<br>\r\n\r\n2.- Los volvemos a lavar debajo del grifo y los metemos en la olla rápida que tenderemos con el de agua hirviendo, la sal y el azúcar.<br>\r\n\r\n3.- Cuando suba el primer aro de la olla la bajamos a medio fuego y la tenemos 20 minutos.<br>\r\n\r\n4.- Abriremos la olla cuando ya no tenga vapor y los dejaremos enfriar para servirlos.<br>\r\n\r\nSe pueden servir con mayonesa en frío.<br>\r\nTambién podemos ponerles una capa de mayonesa y gratinarlos al horno. O bien los podemos rellenar.<br><br>\r\n\r\n\r\n<i>NOTA: Si los queremos guardar 2 ó 3 días, una vez fríos, los dejaremos con su agua (que los cubra) en la nevera.</i>', 'V0R_oDWPu_M', 'img/Recetas/1plato/Verduras/Esparragos_blancos.jpg'),
(30, 'Espárragos rellenos', '<b>Ingredientes para 4 personas:</b><br><br>\r\n<ul>\r\n<li>1 kg de espárragos<br>\r\n<li>½ cebolla<br>\r\n<li>El caldo de los espárragos<br>\r\n<li>1 cucharada de harina<br>\r\n<li>50 gr de jamón serrano\r\n</ul>', '<b>Descripción</b><br><br>\r\n\r\n1.- Cortamos muy pequeñita la cebolla y el jamón.<br>\r\n\r\n2.- Freímos la cebolla, cuando esté añadimos el jamón dándole unas vueltas y añadimos la harina, la rehogamos bien y le vamos añadiendo el caldo de los espárragos poco a poco, hasta que tenga un aspecto cremoso.<br>\r\n\r\n3.-Abrimos los espárragos por la mitad y le vamos poniendo el relleno, los colocamos en un recipiente que vaya al horno y los cubrimos con mayonesa.<br>\r\n\r\n4.- Los gratinamos en el horno y ya los tenemos.', '6EnO3vm4FSc', 'img/Recetas/1plato/Verduras/Esparragos_rellenos.jpg'),
(31, 'Fritada', '<b>Ingredientes para 4 personas:</b><br><br>\r\n<ul>\r\n<li>2 ó 3 patatas medianas<br>\r\n<li>1 calabacín<br>\r\n<li>1 cebolla<br>\r\n<li>Un trozo de beicon ahumado<br>\r\n<li>Se pueden poner también caracoles\r\n</ul>', '<b>Descripción</b><br><br>\r\n\r\n\r\n1.- Pelamos y cortamos a cuadritos la cebolla.<br>\r\n\r\n2.- Ponemos la sartén con aceite y cuando esté caliente incorporamos la cebolla, la salamos y la sacamos cuando esté hecha.<br>\r\n\r\n3.- Pelamos y cortamos las patatas a rodajas. Las ponemos en el aceite en el que se ha frito la cebolla. Las salamos y las retiramos cuando estén hechas.<br>\r\n\r\n4.- Lavamos el calabacín y lo cortamos a rodajas. Lo meteremos en la sartén, lo salaremos, le daremos unas vueltas e incorporaremos el beicon troceado a tiras.<br>\r\n\r\n5.- Si ponéis caracoles los rehogáis en la sartén sólos para que salga bien su sabor.<br>\r\n\r\n6.- Por último juntamos todos los ingredientes y les damos unas vueltas a fuego lento, para que se mezclen bien los sabores.<br><br>\r\n\r\n<i>NOTA: El calabacín verde oscuro sirve igual, esta receta era de mi abuela y ella la hacía con este calabacín. El secreto de este plato es cocinarlo con abundante aceite y tener paciencia para que se hagan los ingredientes.</i>', 'tfScFWecdAY', 'img/Recetas/1plato/Verduras/fritada_aragonesa.jpg'),
(32, 'Hinojo', '<b>Ingredientes para 4 personas:</b><br><br>\r\n<ul>\r\n<li>4 ó 5 bulbos de hinojo<br>\r\n<li>½ litro de agua<br>\r\n<li>Besamel (casera o comprada)<br>\r\n<li>Sal\r\n</ul>', '<b>Descripción</b><br><br>\r\n\r\n1.- Cortamos un poco los tallos y las ramitas verdes.<br>\r\n\r\n2.- Quitamos la primera capa a cada bulbo, si está sin roces podemos lavar el bulbo y aprovechar también esa capa.<br>\r\n\r\n3.- Lo cortamos por la mitad, así sacaremos mejor cada capa.<br>\r\n\r\n4.- Reservamos todas las capas en un bol.<br>\r\n\r\n5.- Ponemos el agua a hervir junto con la sal.<br>\r\n\r\n6.- Al hervir agregamos el hinojo, tapamos la olla rápida.<br>\r\n\r\n7.- Cuando suba el segundo aro de la olla, lo bajaremos a medio fuego y lo tendremos 15 minutos.<br>\r\n\r\n8.- Una vez cocido lo escurrimos muy bien (es el secreto para que quede exquisito).<br>\r\n\r\n9.- Lo ponemos en la llanta del horno bien extendido y rociado con la besamel. En la web tenéis como hago yo la besamel, en el apartado de salsas.<br>\r\n\r\n10.- Ponemos el horno con el grill y sólo tenemos que gratinarlo, ya estará listo para servir.<br><br>\r\n\r\nBuen provecho, este plato es delicioso.', 'RGtGVjTXOuc', 'img/Recetas/1plato/Verduras/Hinojo.jpg'),
(33, 'Revuelto de setas', '<b>Ingredientes para  4 personas:</b><br><br>\r\n<ul>\r\n<li>1 Kg de setas de cardo o champiñones<br>\r\n<li>¼ gambas peladas<br>\r\n<li>1 Manojo de espárragos trigueros o verdes<br>\r\n<li>4 ajos tiernos o ajetes<br>\r\n<li>Un trozo de jamón serrano<br>\r\n<li>2  huevos<br>\r\n<li>Si queremos una receta vegetariana, suprimimos el jamón.\r\n</ul>', '<b>Para realizar el revuelto de setas, espárragos y gambas:</b><br><br>\r\n\r\n1.- Lavamos y troceamos los espárragos verdes, los ajos tiernos y las setas de cardo.<br>\r\n\r\n2.- En esta receta se cocina sin horno, sólo utilizaremos en esta receta sartén. Ponemos aceite en la sartén, cuando esté caliente echamos los espárragos y los ajos, los salmos y dejamos que se frían.<br>\r\n\r\n3.- Junto a los espárragos y los ajos agregamos el jamón, le damos unas vueltas (sin que llegue a estar hecho), añadimos las gambas, les damos dos vueltas y sacamos todo a un bol.<br>\r\n\r\n4.- En la sartén añadimos más aceite, cuando esté caliente metemos las setas y no las movemos. Irán menguando poco a poco.<br>\r\n\r\n5.- Cuando hayan mermado su tamaño a la mitad, las salmos (ya no precisa más sal este plato) y les damos un par de vueltas, no más porque sacarán mucha agua.<br>\r\n\r\n6.- Una vez hechas ya las setas (no habrá líquido), juntamos todo. Le damos unas vueltas para que se mezclen los sabores y se terminen de hacer las gambas y el jamón.<br>\r\n\r\n7.- Batimos poco los huevos y los volcamos en la sartén, removemos rápido para que el huevo se reparta por todo y lo sacamos del fuego. Ya estará listo para servir.<br><br>\r\n\r\n\r\n<i>NOTA: Si dejamos que el huevo se haga del todo, resultará un revuelto seco, con el mismo calor de la sartén se termina de cuajar.<br>\r\nEs una receta fácil, se cocina rápidamente, es receta para principiantes, nos recuerda a la cocina de la abuela ya que es cocina tradicional.</i>', 'BCaYPY0k4m4', 'img/Recetas/1plato/Verduras/revuelto de setas_espárragos_gambas.jpg'),
(34, 'Ensalada de arroz', '<b>Ingredientes para  4 personas:</b><br><br>\r\n<ul>\r\n<li>1 taza de arroz<br>\r\n<li>½ litro de agua<br>\r\n<li>1 tomate grande<br>\r\n<li>1 cebolla<br>\r\n<li>1 pepino<br>\r\n<li>Lechuga<br>\r\n<li>1 pimiento rojo y otro verde<br>\r\n<li>Maíz\r\n</ul>', '<b>Descripción</b><br><br>\r\n\r\n1.- Ponemos el agua a hervir y cuando esté, agregamos la sal y el arroz.<br>\r\n\r\n2.- Bajamos el fuego al medio y lo tenemos 15 minutos con la tapadera puesta.<br>\r\n\r\n3.- Pasado este tiempo, escurrimos el arroz y lo metemos en un cuenco con agua fría.<br>\r\n\r\n4.- Volvemos a escurrirlo y dejamos que se enfríe.<br>\r\n\r\n5.- Lavamos y cortamos todas las verduras a cuadritos pequeños.<br>\r\n\r\n6.- En un bol ponemos todas las verduras y las salamos (el arroz no necesita sal, ya lo sazonamos cuando lo cocimos).<br>\r\n\r\n7.- Añadimos el arroz a las verduras y aliñamos con vinagre y aceite.<br>\r\n\r\n8.- Mezclamos todo bien y servimos bien frío.<br><br>\r\n\r\n\r\n<i>NOTA: Si hacemos esta ensalada a primera hora de la mañana, la metemos en la nevera y al tiempo de comer está estupenda tan fría.</i>', 'zYETKju13gc', 'img/1plato/verduras/Ensaladas/ensalada_arroz.jpg'),
(35, 'Ensalada de bacalao', '<b>Ingredientes</b><br><br>\r\n<ul>\r\n<li>1 ó 2 Naranjas<br>\r\n<li>150 gr de migas bacalao o bacalao ahumado<br>\r\n<li>Aceite de oliva virgen extra<br>\r\n</ul>', '<b>Descripción</b><br><br>\r\n\r\nSi utilizamos bacalao ahumado nos evitamos los dos primeros pasos.<br>\r\n\r\n1.- Desalamos el bacalao, lavándolo bien debajo del grifo y sumergiéndolo durante 2 ó 3 horas en agua del grifo. (El tiempo varía según el tamaño de las migas).<br>\r\n\r\n2.- Transcurrido ese tiempo, lo sacamos del agua, lo escurrimos y secamos bien con papel de cocina.<br>\r\n\r\n3.- Pelamos la naranja procurando quitar hasta la piel blanca y la cortamos a rodajas.<br>\r\n\r\n4.- Presentamos el plato disponiendo sobre cada rodaja de naranja unas migas de bacalao. Se ponen en crudo y no necesita sal.<br>\r\n\r\n5.- Rociamos con el aceite por encima del bacalao.<br><br>\r\n\r\n\r\n<i>NOTA: No es aconsejable hacerlo con otra parte del bacalao que no sean las migas, el contraste de este plato es una cantidad de bacalao escasa con el dulzor y jugosidad de la naranja.</i>', 'yq67WKk0qyA', 'img/1plato/verduras/Ensaladas/ensalada_de_bacalao_naranja.jpg'),
(36, 'Ensalada con hoja de roble', '<b>Descripción</b><br><br>\r\n<ul>\r\n<li>1 Lechuga hoja de roble<br>\r\n<li>½ Manzana Golden<br>\r\n<li>Una taza de café de pasas de corinto sin hidratar<br>\r\n<li>Una taza de café de maíz  (conserva o congelado)<br>\r\n<li>4 ó 5 nueces<br>\r\n<li>Vinagre de Módena (si es reducción de vinagre mejor)<br>\r\n<li>Aceite de oliva virgen extra y sal\r\n</ul>', '<b>Descripción</b><br><br>\r\n\r\n\r\n1.- Ponemos las pasas a hidratar en una taza con agua durante una hora o más,  podemos acelerar la hidratación si metemos en el microondas la taza con las pasas y el agua que las cubra durante 1 minuto.<br>\r\n\r\n2.- Sumergimos las hojas de roble en agua bien fría, para que se pongan más tersas durante un rato.<br>\r\n\r\n3.- Lavamos una por una cada hoja debajo del grifo y las dejamos escurrir.<br>\r\n\r\n4.- Las secamos bien con papel de cocina o centrifugándolas.<br>\r\n\r\n5.- Cortamos la lechuga con las manos para que no pierda propiedades y la media manzana  pelada y cortada a dados.<br>\r\n\r\n6.- En una fuente colocamos la lechuga cortada y la salamos. Añadiremos ya todos los ingredientes, la manzana, el maíz, las pasas bien escurridas y las nueces troceadas.<br>\r\n\r\n7.- La aliñamos con aceite virgen extra y reducción de vinagre de Módena.<br><br>\r\n\r\n\r\n<i>NOTA: La reducción de vinagre de Módena se puede comprar en cualquier supermercado, es igual que el vinagre pero más concentrado su sabor y con una textura más densa.</i>', '4Ij1biHxyGM', 'img/Recetas/1plato/Verduras/Ensaladas/ensalada_hoja_de_roble.jpg'),
(37, 'Ensaladilla rusa', '<b>Ingredientes para 4 personas:</b><br><br>\r\n<ul>\r\n<li>400 gr de judía verde (fresca o congelada)<br>\r\n<li>3 patatas<br>\r\n<li>3 zanahorias<br>\r\n<li>½ litro de agua<br>\r\n<li>Mayonesa<br>\r\n<li>1 lata de pimiento rojo (asado a la leña si se puede)\r\n</ul>', '<b>Descripción</b><br><br>\r\n\r\n1.- Lavamos bien las verduras y las pelamos, a las judías si son frescas sólo les quitamos las puntas, si son congeladas, las pondremos directamente de la bolsa.<br>\r\n\r\n2.- Ponemos la olla a con el agua y cuando hierva le ponemos la sal, y las verduras enteras, excepto las patatas que las pondremos partidas por la mitad.<br>\r\n\r\n3.- Cerramos la olla y cuando suba el primer aro, la bajamos a medio fuego durante 10 minutos.<br>\r\n\r\n4.- Cuando haya transcurrido ese tiempo y la olla esté sin presión la abrimos y ponemos las verduras en un escurridor para que se enfríen.<br>\r\n\r\n5.- Las troceamos y las ponemos en la fuente que las vayamos a servir, les añadiremos entonces el pimiento troceado. Según la costumbre de cada uno se le ponen tantos ingredientes como se desee, hay personas que le añaden atún, maíz, pepinillos, huevo duro…<br>\r\n\r\n6.- Cada comensal se añadirá la mayonesa en su plato para evitar que en caso de que sobre ensaladilla no este mezclada con la mayonesa así prevenimos la salmonela.', 'EpjQ5LM9v8A', 'img/Recetas/1plato/Verduras/Ensaladas/ensaladilla_rusa.jpg');
INSERT INTO `recetas` (`id_receta`, `nombre`, `ingredientes`, `descripcion`, `url`, `imagen`) VALUES
(38, 'Gazpacho', '<b>Ingredientes</b><br><br>\r\n<ul>\r\n<li>3 tomates bien maduros<br>\r\n<li>1 pepino gordito<br>\r\n<li>1 pimiento italiano (de cristal)<br>\r\n<li>1 ajo<br>\r\n<li>1 rebanada de pan (del día anterior)<br>\r\n<li>¾ de agua<br>\r\n<li>Vinagre de vino tinto<br>\r\n<li>Sal<br>\r\n<li>Aceite de oliva virgen extra\r\n</ul>', '<b>Descripción</b><br><br>\r\n\r\n1.- Ponemos en el vaso de la batidora el pan con la mitad del agua, le añadimos los ajos troceados.<br>\r\n\r\n2.- Lavamos, pelamos y troceamos las verduras (pimiento, tomates y pepino).<br>\r\n\r\n3.- Las introducimos en el vaso junto con un puñado de sal, un chorro de vinagre y otro de aceite; cubrimos todos los ingredientes con el agua restante.<br>\r\n\r\n4.- Trituramos muy bien y colamos.<br>\r\n\r\n5.- Tendremos el gazpacho en la nevera hasta el momento de servirlo.', 'F79xg9AS2v4', 'img/Recetas/1plato/Verduras/Ensaladas/Gazpacho.jpg'),
(39, 'Croquetas de pollo', '<b>Ingredientes</b><br><br>\r\n<ul>\r\n<li>1 pechuga de pollo asado<br>\r\n<li>1 cebolla<br><br>\r\n\r\n<li><u>Para la bechamel</u>: 2 cucharadas colmadas de harina y ¼ litro de leche.<br>\r\n<li><u>Para rebozarlas</u>: 2 huevos y pan rallado con ajo y perejil.\r\n</ul>', '<b>Descripción</b><br><br>\r\n\r\n1.- Cortamos la cebolla a cuadritos pequeños y reservamos.<br>\r\n\r\n2.- Cortamos la pechuga de pollo igual, lo más pequeña que podamos.<br>\r\n\r\n3.- Ponemos la sartén con el aceite que sobró de asar el pollo (si precisamos más añadiremos aceite de oliva).<br>\r\n\r\n4.- Cuando esté caliente pondremos la cebolla, la salaremos y dejaremos que se dore.<br>\r\n\r\n5.- Añadiremos la harina, la rehogamos bien, la salamos y vamos añadiendo leche poco a poco, con el fuego medio para dominarlo.<br>\r\n\r\n6.- Así como vamos dominando la besamel, le añadimos el pollo troceado.<br>\r\n\r\n7.- Le vamos dando vueltas para ir haciendo la masa, cuando esté cremosa pero consigamos con la espátula separarla del fondo, estará hecha.<br>\r\n\r\n8.- La dejamos enfriar y la metemos en la nevera.<br>\r\n\r\n9.- Con la masa fría de la nevera podremos hacer ya las croquetas.<br>\r\n\r\n10.- Les damos la forma y las pasamos por huevo y pan rallado.<br>\r\n\r\n11.- Para conseguir que estén bien crujientes las podemos pasar otra vez por huevo y pan rallado.<br>\r\n\r\n12.- Ponemos una sartén con aceite abundante,  cuando esté bien caliente las vamos friendo.<br>\r\n\r\n13.- Al sacarlas de la sartén las pasamos por papel de cocina para que dejen todo el aceite sobrante.<br><br>\r\n\r\n\r\n<i>NOTA: Cuando estén preparadas con el huevo y el pan rallado, podremos elegir entre freírlas o congelarlas. Si las congelamos, las podremos utilizar en cualquier momento sin necesidad de descongelar, directamente a la sartén como cuando son de compra.</i>', 'yo8uqb10PXQ', 'img/Recetas/2plato/Aves/Croquetas_de_pollo.jpg'),
(40, 'Pollo a l\'ast', '<b>Ingredientes</b><br><br>\r\n<ul>\r\n<li>Un pollo de 2 kg más o menos<br>\r\n<li>1 limón<br>\r\n<li>Especias para pollos<br>\r\n<li>1 ó 2 hojas de laurel<br>\r\n<li>Aceite y sal<br>\r\n<li>Coñac\r\n</ul>', '<b>Descripción</b><br><br>\r\n\r\n1.- Sacamos el zumo al limón y lo reservamos.<br>\r\n\r\n2.- Quitarle al pollo alguna pluma si la tiene y lavarlo debajo del grifo.<br>\r\n\r\n3.- Le doblamos las alas, si se quiere y le quitamos el exceso de grasa que veamos.<br>\r\n\r\n4.- Metemos dentro un puñadito de especias, el laurel y la cáscara del limón.<br>\r\n\r\n5- Salamos el pollo por fuera, por dentro no es necesario, las especias también tiene sal.<br>\r\n\r\n6.- Lo colocamos en la bandeja de horno y lo rociamos con el aceite de oliva.<br>\r\n\r\n7.- Lo metemos al horno 190º durante 45 minutos fuego arriba y abajo con el aire el que lo tenga.<br>\r\n\r\n8.- Transcurridos los 45 minutos abrimos el horno y lo rociamos con el zumo del limón que teníamos reservado. Lo dejaremos 15 minutos más.<br>\r\n\r\n9.- Cuando ya lleva 1 hora, abrimos nuevamente y ahora lo rociamos con un generoso chorro de coñac.<br>\r\n\r\n10.-Cerramos el horno y lo apagamos,  dejamos el pollo dentro con el fuego residual 5 minutos, será suficiente para que evapore el alcohol del coñac y lo tendremos listo para servir.<br><br>\r\n\r\n\r\n<i>NOTA: En los asadores de pollo utilizan manteca de cerdo, el ponerle aceite de oliva es porque  es más saludable, también nos permite poder utilizarlo para unas lentejas, rehogar acelgas… si es que llega a sobrar.</i>', 'Gqqi4-ZK-MI', 'img/Recetas/2plato/Aves/pollo_alast.jpg'),
(41, 'Pollo a la cerveza', '<b>Ingredientes</b><br><br>\r\n<ul>\r\n<li>1 Pollo de 2 kg<br>\r\n<li>1 Lata de cerveza<br>\r\n<li>3 Zanahorias<br>\r\n<li>1 Cebolla<br>\r\n<li>1/2 Cabeza de ajos<br>\r\n<li>Aceite, sal y pimienta negra en grano\r\n</ul>', '<b>Descripción</b><br><br>\r\n\r\n1.- Lavamos, troceamos y salamos el pollo.<br>\r\n\r\n2.- Lo sellamos en la sartén.<br>\r\n\r\n3.- Cuando está frito por fuera, lo metemos en la olla junto con la lata de cerveza.<br>\r\n\r\n4.- En ese aceite freímos la cebolla, zanahorias y ajos, todo troceado.<br>\r\n\r\n5.- Salamos las verduras, añadimos la pimienta y cuando están rehogada, las metemos en la olla junto al pollo.<br>\r\n\r\n6.- Cerramos la olla, no es necesario poner sal.<br>\r\n\r\n7.- Cuando suba el 2º aro la bajaremos a medio fuego durante 20 minutos.<br>\r\n\r\n8.- Transcurrido este tiempo lo tendremos listo para servir.<br>\r\n\r\n9.- También podemos sacar el polo de la olla y triturar las verduras con la salsa, nos quedará una crema de base para poner el pollo encima.<br><br>\r\n\r\n\r\n<i>NOTA: Si el pollo es amarillo es más sabroso. Le podemos dejar la piel, pero yo soy partidaria de quitar la piel y toda la grasa que se pueda.</i>', 'kIoL1LiWU-Y', 'img/Recetas/2plato/Aves/pollo_a_la_cerveza.jpg'),
(42, 'Carrilleras al horno', '<b>Ingredientes para 4 personas:</b><br><br>\r\n<ul>\r\n<li>4 carrilleras con hueso<br>\r\n<li>1 pimiento rojo<br>\r\n<li>4 patatas grandes<br>\r\n<li>2 cebollas<br>\r\n<li>Especias para carne<br>\r\n<li>4 alcachofas\r\n</ul>', '<b>Descripción</b><br><br>\r\n\r\n1.- Pondremos en la bandeja del horno el pimiento y las alcachofas lavadas.<br>\r\n\r\n2.- Las patatas peladas y cortadas en cachelos.<br>\r\n\r\n3.- Las cebollas peladas y cortadas por la mitad.<br>\r\n\r\n4.- Salaremos todo, colocaremos las carrilleras también saladas y condimentas con las especias, rociaremos toda la bandeja con aceite.<br>\r\n\r\n5.- Las asaremos durante 1 hora a 190º, trascurrido este tiempo, le pondremos coñac a la carne, apagaremos el horno y las dejaremos 3 ó 5 minutos reposando antes de servir.', 'R8voD766ENc', 'img/Recetas/2plato/Carnes/Carrilleras_al_horno.jpg'),
(43, 'Carrilleras estofadas', '<b>Ingredientes para 4 personas:</b><br><br>\r\n<ul>\r\n<li>8 carrilleras de cerdo (si son de ternera 4)<br>\r\n<li>1 cebolla<br>\r\n<li>1 vaso de vino tinto (preferiblemente rancio)<br>\r\n<li>Un poco de harina<br>\r\n<li>1 hoja de laurel, pimienta negra, aceite y sal\r\n</ul>', '<b>Descripción</b><br><br>\r\n\r\n1.- Lavamos las carrilleras y les quitamos la grasita que tengan.<br>\r\n\r\n2.- Las salamos y rebozamos en harina.<br>\r\n\r\n3.- Con el fuego vivo en la sartén con aceite, sellamos las carrilleras.<br>\r\n\r\n4.- Cuando las tengamos doraditas por los lados (pero crudas por dentro), las pasamos a la olla.<br>\r\n\r\n5.- En la sartén doramos un poco la cebolla, la salamos, (añadiremos aceite si hace falta), agregamos unas pimientas también. Damos unas vueltas.<br>\r\n\r\n6.- Pasamos la cebolla a la olla y en esa misma sartén ponemos el vino, rascamos un poco el fondo y lo añadimos a la olla.<br>\r\n\r\n7.- Cerramos la olla y cuando suba el 2º aro, la bajamos a medio fuego y la tenemos 20 minutos.<br>\r\n\r\n8.- Pasados los 20 minutos y sin presión en la olla, la abrimos y sólo nos queda servir.<br><br>\r\n\r\n\r\n<i>NOTA: En el caso de que os quede con mucho líquido, ponéis las carrilleras a hervir con el tape quitado y añadís una cuchara (de moka) de Maizena disuelta en un poco de agua. Le dais unas vueltas y espesará.</i>', 'cCmmQHf77AQ', 'img/Recetas/2plato/Carnes/carrilleras_estofadas.jpg'),
(44, 'Codillos al horno', '<b>Ingredientes para 4 personas:</b><br><br>\r\n<ul>\r\n<li>2 codillos de cerdo<br>\r\n<li>2 cucharadas (soperas) de miel<br>\r\n<li>4 cucharadas de salsa de soja<br>\r\n<li>Aceite<br><br>\r\n</ul>\r\n\r\n<b>Ingredientes para el caldo:</b><br><br>\r\n<ul>\r\n<li>1 puerro<br>\r\n<li>1 rama de apio<br>\r\n<li>2 zanahorias<br>\r\n<li>3 litros de agua\r\n</ul>', '<b>Descripción</b><br><br>\r\n\r\n1.- Previamente hacemos un caldo con los codillos y las verduras.<br>\r\n\r\n2.- Ponemos la olla rápida con el agua, sumergimos las verduras y  los codillos. Lo meteremos todo con el agua fría y sin sal.<br>\r\n\r\n3.- Cuando suba el primer aro de la olla, la bajaremos a medio fuego durante 30 ó 40 minutos.<br>\r\n\r\n4.- Cuando se pueda abrir la olla, sacaremos las verduras, los codillos y colaremos el caldo. Este fume lo podremos usar para  guisar lentejas, pasta, etc... se puede enfriar y congelar. No es recomendable para sopas.<br>\r\n\r\n5.- Hacemos la salsa mezclando en un bol la miel con la soja.<br>\r\n\r\n6.- Los codillos los pondremos en una bandeja de horno y los untaremos por ambos lados con la mezcla que hemos hecho (utilizaremos la mitad de la mezcla).<br>\r\n\r\n7.- Los metemos  al horno a 190º los tendremos 15 minutos, transcurrido este tiempo abrimos el horno y los volvemos a untar con mezcla que nos queda, los tendremos 15 minutos más y ya estarán listos para degustar.<br><br>\r\n\r\n\r\n<i>NOTA: No se pone sal, la soja es muy salada de esta forma salen en su punto.</i>', 'Y6JWcQ2I1KU', 'img/Recetas/2plato/Carnes/codillo_al_horno.jpg'),
(45, 'Costilla con tomate', '<b>Ingredientes parra 4 personas:</b><br><br>\r\n<ul>\r\n<li>1 kg de costilla de cerdo a trocitos<br>\r\n<li>1 bote de tomate de medio kilo, (entero y pelado)<br>\r\n<li>1 pimiento verde de cristal<br>\r\n<li>1 vaso de agua<br>\r\n<li>Aceite, sal y un podo de azúcar\r\n</ul>', '<b>Descripción</b><br><br>\r\n\r\n1.- Ponemos un poco aceite en la sartén.<br>\r\n\r\n2.- Cuando este caliente incorporaremos la costilla y la salaremos.<br>\r\n\r\n3.- Una vez está doradita por fuera, aunque estará cruda por dentro, la sacamos.<br>\r\n\r\n4.- Pondremos la olla rápida con el agua (1 vaso).<br>\r\n\r\n5.- Meteremos la costilla sin el aceite y la cerraremos.<br>\r\n\r\n6.- Cuando suba el 1º aro de la olla, la bajaremos a medio fuego durante 20 minutos.<br>\r\n\r\n7.- En el aceite que nos quedó en la sartén freiremos el pimiento troceado y el tomate al que le pondremos sal y un poco de azúcar.<br>\r\n\r\n8.- Le añadiremos la costilla que ya estará cocida y lo dejaremos que se termine de freír el tomate.<br>\r\n\r\n9.- Ya estará listo para servir.<br><br>\r\n\r\n\r\n<i>NOTA: Se puede servir la costilla sin hueso si se quiere.<br>\r\nEl caldo que queda de cocer la costilla, se deja enfriar para desgrasarlo y aprovecharlo en cualquier guiso.</i>', 'zKtzJQKFBiQ', 'img/Recetas/2plato/Carnes/costilla_con_tomate.jpg'),
(46, 'Guiso de cordero', '<b>Ingredientes para 4 personas:</b><br><br>\r\n<ul>\r\n<li>Cuello y medio de cordero a rodajas<br>\r\n<li>4 patatas grandes (u 8 medianas)<br>\r\n<li>1 pimiento rojo y otro verde<br>\r\n<li>1 zanahoria<br>\r\n<li>1 cebolla, 2 ajos<br>\r\n<li>1 hoja de laurel, tomillo, romero y pimientas en grano\r\n</ul>', '<b>Descripción</b><br><br>\r\n\r\n1.- Salamos las rodajas de cuello y las enharinamos.<br>\r\n\r\n2.- Freiremos en la sartén con un poco de aceite, cuando estén doradas, las sacamos a la olla.<br>\r\n\r\n3.- Ponemos las verduras troceadas en la misma sartén las salamos y las rehogamos.<br>\r\n\r\n4.- Cuando estén hechas las añadiremos a la olla junto con el cordero.<br>\r\n\r\n5.- Meteremos las especias,  las patatas cortadas a cachelos y un puñado de arroz si se quiere.<br>\r\n\r\n6.- Salaremos las patatas, añadiremos agua sin llegar a cubrir las patatas.<br>\r\n\r\n7.- Cerraremos la olla y cuando  suba el 2º aro, la bajaremos a medio fuego durante 15 minutos.<br>\r\n\r\n8.- Dejaremos que salga la presión de la olla y ya podremos servir los platos.<br><br>\r\n\r\n\r\n<i>NOTA: Se puede poner un vasito de vino tinto junto con el agua. El cuello es una pieza muy sabrosa, contiene la sustancia del hueso, lleva bastante carne y poca grasa.</i>', 'ltHkjRb9Nvo', 'img/Recetas/2plato/Carnes/guiso_de_cordero.jpg'),
(47, 'Lomo a la mostaza', '<b>Ingredientes para 4 personas:</b><br><br>\r\n<ul>\r\n<li>Un trozo de lomo de cerdo (unos 750gr.)<br>\r\n<li>Un bote de mostaza Antigua o de Dijón\r\n</ul>', '<b>Descripción</b><br><br>\r\n\r\n1.- En una fuente de horno, ponemos una cama de mostaza.<br>\r\n\r\n2.- Colocamos encima el lomo y lo cubrimos totalmente con la mostaza restante.<br>\r\n\r\n3.- Tendremos el horno calentado a 215º, SIN aire, con la resistencia arriba y abajo.<br>\r\n\r\n4.- Metemos el lomo durante 30 minutos (si pesa 1kg el lomo lo tendremos 40 minutos).<br>\r\n\r\n5.- Transcurridos los 30 minutos, apagaremos el fuego y lo dejaremos dentro sin abrir la puerta 10 minutos más.<br>\r\n\r\n6.- Estará listo para servir.<br><br>\r\n\r\n\r\n<i>NOTA: En este plato no es necesaria ni la sal, ni el aceite. Si el lomo tiene otro peso se tiene que calcular el tiempo que necesita. 750 u 800 gr con la media hora y los 10 minutos residuales sale en su punto.</i>', 'uNdFpHl9cxw', 'img/Recetas/2plato/Carnes/lomo_a_la_mostaza.jpg'),
(48, 'Osobuco', '<b>Ingredientes para 4 personas:</b><br><br>\r\n<ul>\r\n<li>750 gr de osobuco<br>\r\n<li>3 puñados de arroz Basmati<br>\r\n<li>1 vaso de agua lleno de vino tinto<br><br>\r\n\r\n<li><u>Verduras</u>: 1 zanahoria, 1 pimiento verde, 1 cebolla,  un poco de pimiento choricero, 3 ajos.<br><br>\r\n\r\n<li><u>Especias</u>: Laurel, tomillo, romero, pimienta negra en grano, cominos, anís (en especia), un pellizco de canela y pimentón.\r\n</ul>', '<b>Descripción</b><br><br>\r\n\r\n1.- Salamos y enharinamos el osobuco.<br>\r\n\r\n2.- Lo sellamos en la sartén (dar un golpe fuerte de fuego por fuera, por dentro estará crudo),  lo pasamos a la olla.<br>\r\n\r\n3.- En ese aceite hacemos el sofrito con la cebolla, el pimiento y la zanahoria, lo salaremos.<br>\r\n\r\n4.- Cuando esté lo ponemos también en la olla.<br>\r\n\r\n5.- Agregamos el vino y un poco de agua junto con el resto de los ingredientes que tenemos.<br>\r\n\r\n6.- Cuando en la olla suba el 2º aro, la pondremos al medio durante 15 minutos.<br>\r\n7.- Dejaremos que se vaya la presión de la olla y la abriremos.<br>\r\n\r\n8.- Sacaremos el osobuco y las hiervas, trituraremos el caldo con las verduras.<br>\r\n\r\n9.- Ponemos el caldo al fuego,  cuando hierva le pondremos el arroz basmati previamente lavado, cerraremos la olla y cuando suba el aro, bajaremos el fuego y lo tendremos 10 minutos.<br>\r\n\r\n10.- Serviremos el osobuco junto con el arroz de guarnición.<br><br>\r\n\r\n\r\n<i>NOTA: Se puede servir el osobuco también acompañado de su propia salsa, pero en este caso es aconsejable espesarla en el fuego con un poco de harina frita o de Maizena diluida en agua fría.<br>\r\n\r\nSi utilizamos vino tinto rancio el guiso está más rico.</i>', '-q25OTf6LTc', 'img/Recetas/2plato/Carnes/osobuco_de_ternera.jpg'),
(49, 'Ternera rellena', '<b>Ingredientes para 4 personas:</b><br><br>\r\n<ul>\r\n<li>4 filetes dobles de petaca de ternera<br>\r\n<li>4 filetes de jamón serrano<br>\r\n<li>1 lata de pimientos asados a la leña (o pimientos morrones)<br>\r\n<li>Hilo de liza y aguja saquera (para coser)\r\n</ul>', '<b>Descripción</b><br><br>\r\n\r\n1.- Cogemos un filete abierto como un libro, le ponemos una loncha de jamón serrano y pimiento.<br>\r\n\r\n2.- Lo cerramos sujetándolo  con un palillo o cosiéndolo.<br>\r\n\r\n3.- Los salaremos sólo por fuera, por dentro tienen la sal del jamón.<br>\r\n\r\n4.- En una sartén con un poco de aceite bien caliente los colocamos.<br>\r\n\r\n5.- Los tendremos el tiempo según lo hecha que nos guste la ternera y el grosor de la pieza. Es recomendable que sea un filete fino, para que sólo con ver la sartén tengamos que darle la vuelta.', 'VUE70XFHjxc', 'img/Recetas/2plato/Carnes/ternera_rellena.jpg'),
(50, 'Chinitos cruzando el mar rojo', '<b>Ingredientes para 4 personas:</b><br><br>\r\n\r\n<ul>\r\n<li>8 Huevos<br>\r\n<li>1 lata de atún en aceite<br>\r\n<li>Tomate frito (casero o de lata)\r\n</ul>\r\n\r\n<u>Para la bechamel</u>:<br><br>\r\n\r\n<ul>\r\n<li>1 litro de bechamel hecha o leche<br>\r\n<li>Harina<br>\r\n<li>4 ajos<br>\r\n<li>Nuez moscada<br>\r\n<li>Queso manchego.\r\n</ul>\r\n\r\n<u>Para decorar lo chinitos</u>:<br><br>\r\n\r\n<ul>\r\n<li>8 aceitunas rellenas<br>\r\n<li>8 tiras de pimiento en conserva<br>\r\n<li>8 palillos<br>\r\n<li>24 clavos de especia.\r\n</ul>', '<b>Descripción</b><br><br>\r\n\r\nCOCEMOS LOS HUEVOS<br><br>\r\n\r\n1.- Ponemos los huevos en una cazuela con agua fría que casi los cubra.<br>\r\n\r\n2.- Cuando hierva el agua, bajaremos a medio fuego y los tendremos 10 minutos.<br>\r\n\r\n3.- Transcurridos los 10 minutos los ponemos en una escurridera para que no se sigan cocinando, también los podemos sumergir en agua fría.<br><br>\r\n\r\n\r\nHACEMOS LA BESAMEL<br><br>\r\n\r\n\r\n1.- Ponemos una sartén con aceite, cuando esté caliente echamos los ajos.<br>\r\n\r\n2.- Una vez dorados los ajos añadimos harina y damos unas vueltas para que se cocine.<br>\r\n\r\n3.- Agregamos leche, bajamos el fuego, damos unas vueltas echamos más leche si se queda muy espeso e incorporamos la sal, la nuez moscada, el queso manchego y removemos.<br>\r\n\r\n4.- Trituramos la bechamel para que los ajos den su sabor y no se noten, si se quiere se tritura al mismo tiempo el atún. Si al triturar queda muy espesa se añade más leche.<br>\r\n\r\n5.- Pasamos la bechamel triturada a la sartén e incorporamos el atún si no lo hemos hecho, removemos para dispersarlo.<br>\r\n\r\n6.-Volcamos la sartén en una fuente y decoramos el plato.<br>\r\n\r\n7.- Ponemos en el centro el tomate frito y en los laterales los chinitos.<br><br>\r\n\r\n\r\nDECORAMOS LOS CHINITOS<br><br>\r\n\r\n\r\n1.- Cortamos la punta del huevo reservamos lo cortado y apoyamos el huevo por la parte recta.<br>\r\n\r\n2.- Cogemos una aceituna, pinchamos dos clavos como si fuesen los ojos y la atravesamos con un palillo.<br>\r\n\r\n3.- Pinchamos el palillo en el huevo, dejando un trozo que se vea por encima de la aceituna.<br>\r\n\r\n4.- Clavamos el trozo de huevo que cortamos al principio a modo de sombrero.<br>\r\n\r\n5.- Cortamos una tira finita de pimiento en conserva y la colocamos alrededor del cuello, pondremos un clavo en el centro a modo de botón.', 'B-jc_gQqYg0', 'img/Recetas/2plato/Huevos/chinitos_cruzando_el_mar_rojo.jpg'),
(51, 'Huevos duros', '', '<b>Descripción</b><br><br>\r\n\r\n1.- Ponemos los huevos en una cazuela con agua fría que casi los cubra.<br>\r\n\r\n2.- Cuando hierva el agua, bajaremos a medio fuego y los tendremos 10 minutos.<br>\r\n\r\n3.- Transcurridos los 10 minutos los ponemos en una escurridera para que no se sigan cocinando.<br>\r\n\r\n4.- También los podemos meter en agua fría para cortar la cocción.<br>\r\n\r\n5.- Cuando ya no quemen los sacaremos del agua en el caso de que los hayamos sumergido.<br><br>\r\n\r\n\r\n<i>NOTA: Si los huevos están en el fondo de la cazuela, son frescos. En el caso de que floten se deben desechar.</i>', 'Jvhj2KPY1Mw', 'img/Recetas/2plato/Huevos/huevos_duros.jpg'),
(52, 'Bacalao con cebolla y tomate', '<b>Ingredientes para 4 personas:</b><br><br>\r\n<ul>\r\n<li>4 trozos de bacalao desalado<br>\r\n<li>½ kilo de tomate natural o en conserva<br>\r\n<li>Cebolla y media\r\n</ul>', '<b>Descripción</b><br><br>\r\n\r\nPara <a href=\"index.php?contr=RecetaController.php&id=67&accion=ver\">desalar el bacalao</a> lo podéis ver en el apartado de esta Web “Tips”.<br><br>\r\n\r\n\r\n1.- El bacalao desalado y bien seco  con  papel de cocina.<br>\r\n\r\n2.- En una sartén ponemos aceite generoso, cuando esté caliente ponemos el bacalao con la piel hacia abajo (tocando la sartén).<br>\r\n\r\n3.- Cuando la piel esté doradita, le damos la vuelta. Por el lado contrario.<br>\r\n\r\n4.- Ya fritos los dos lados, tumbamos el bacalao por los laterales, primero uno que lo tendremos muy poquito y luego el otro.<br>\r\n\r\n5.-Los sacamos a un plato y ponemos la cebolla troceada grandecita.<br>\r\n\r\n6.- Cuando la cebolla esté dorada añadiremos el tomate troceado.<br>\r\n\r\n7.- Una vez frito el tomate, ponemos el bacalao con el jugo que ha sacado, lo tendremos un poco de un lado para que saque la sal que le quede.<br>\r\n\r\n8.- Damos la vuelta a los trozos por el otro lado para que tenga tomate por ambos lados.<br>\r\n\r\n9.- NO salamos ni la cebolla ni el tomate, el bacalao les da  la sal que necesitan.<br>\r\n\r\n10.- Ya podemos servirlo.<br><br>\r\n\r\n\r\n<i>NOTA: Nunca se pone sal antes de probarlo al final. Este plato es delicioso recién hecho y de un día para otro. También se puede servir con un huevo pochado en el tomate.</i>', '0dsT51MZ_C0', 'img/Recetas/2plato/Pescados/bacalao_con_cebolla_y_tomate.jpg'),
(53, 'Corvina asada', '<b>Ingredientes para 4 personas:</b><br><br>\r\n<ul>\r\n<li>Una corvina de 2 kg.<br>\r\n<li>3 ó 4 ajos<br>\r\n<li>Cayena<br>\r\n<li>Aceite de oliva virgen extra<br>\r\n<li>Sal\r\n</ul>', '<b>Descripción</b><br><br>\r\n\r\n1.- Lavamos  bien la corvina debajo del grifo. En la pescadería ya nos habrán quitado las escamas y la habrán abierto por la mitad.<br>\r\n\r\n2.- La salamos tanto por la piel como por el interior.<br>\r\n\r\n3.- La colocamos boca arriba en la bandeja del horno.<br>\r\n\r\n4.- Precalentamos el horno a 190º, cuando alcance esa temperatura metemos el pescado y lo tenemos 15 minutos.<br>\r\n\r\n5.- En una sartén pequeña, ponemos aceite abundante, cuando esté caliente incorporamos los ajos a rodajitas y la cayena.<br>\r\n\r\n6.- Cuando los ajos están dorados, abrimos el horno y rociamos el pescado con ellos. Cuando hagamos esto tiene que faltarle 1 ó 2 al pescado del cuarto de hora que lo habíamos puesto.<br>\r\n\r\n7.- Transcurridos los 15 minutos, apagaremos el fuego y lo dejaremos dentro durante 5 minutos más con el calor residual.<br>\r\n\r\n8.- Estará listo para servir.<br><br>\r\n\r\n\r\n<i>NOTA: El tiempo variará si el pescado es más pequeño o más grande, si pesa 2 kg os saldrá con este tiempo, horno abajo y aire, si no tiene vuestro horno aire poner arriba y abajo el fuego.<br>\r\nUna cayena no le da picante, si sois amantes del picante poner más.</i>', 'JxOAN3a2Qss', 'img/Recetas/2plato/Pescados/corvina_asada.jpg'),
(54, 'Hojaldre relleno de espinacas', '<b>Ingredientes</b><br><br>\r\n<ul>\r\n<li>250 g. de espinacas congeladas<br>\r\n<li>400 g de champiñones<br>\r\n<li>150 ml de leche o de leche evaporada<br>\r\n<li>1 cebolla<br>\r\n<li>1 lata de calamares en su tinta<br>\r\n<li>6 palitos de delicias<br>\r\n<li>2 placas de hojaldre congelado<br>\r\n<li>Ajo, perejil, sal y harina\r\n</ul>', '<b>Descripción</b><br><br>\r\n\r\n1.- Cortamos los champiñones en láminas, los hacemos a la plancha con ajo troceado, sal y perejil. Los reservamos.<br>\r\n\r\n2.- Freímos la cebolla troceada a cuadritos, la salamos.<br>\r\n\r\n3.- Cuando este le añadimos la espinaca bien escurrida (si es congelada la descongelamos en el microondas). La salamos y la  doramos un poco.<br>\r\n\r\n4.- Agregamos un poco de harina (para unir el relleno), la rehogamos bien. Le damos unas vueltas y añadimos un chorro de leche.<br>\r\n\r\n5.- Terminamos agregando los champiñones, las delicias troceadas y los calamares le damos unas vueltas hasta que tenga una apariencia uniforme.<br>\r\n\r\n6.- Ponemos en la bandeja del horno papel, encima de él una placa de hojaldre (que sobresalga para poder unirla después).<br>\r\n\r\n7.- Colocamos el relleno formando una capa uniforme.<br>\r\n\r\n8.-  Extendemos otra capa de hojaldre y la ponemos encima del relleno.<br>\r\n\r\n9.- Unimos los bordes mojándolos con agua y pellizcándolos con los dedos.<br>\r\n\r\n10.- Damos con pincel huevo batido por toda la superficie y lo metemos al horno 190º 25 minutos. Estará cuando se vea el hojaldre doradito.<br>\r\n\r\nSi sobra en frío también está muy rico.<br><br>\r\n\r\n\r\n<i>NOTA: Si te gustan los sabores más intensos, puedes sustituir los calamares en su tinta por mejillones en escabeche.</i>', 'CHfxmNoHH9M', 'img/Recetas/2plato/Pescados/hojaldre_relleno_de_espinacas.jpg'),
(55, 'Lubina al horno', '<b>Ingredientes para 4 personas:</b><br><br>\r\n<ul>\r\n<li>1 lubina grande (sobre 1 kg.)<br>\r\n<li>2 ó 3 patatas<br>\r\n<li>2 pimientos verdes<br>\r\n<li>1 limón<br>\r\n<li>Unos filetes de jamón serrano<br>\r\n<li>Sal y aceite de oliva virgen extra\r\n</ul>', '<b>Descripción</b><br><br>\r\n\r\n1.- Limpiamos bien la lubina de escamas y aletas, también se les quita las agallas, se abre y le quitamos la tripa, la lavamos bien.<br>\r\n\r\n2.- Freímos las patatas a rodajas, cuando están a medio freír añadimos el pimiento a cuadros grandes, salamos y terminamos de freír todo.<br>\r\n\r\n3.- Formamos una cama con la guarnición (patatas y pimiento).<br>\r\n\r\n4.- Colocamos encima la lubina ya salada por ambos lados.<br>\r\n\r\n5.- Ponemos en el centro del pescado el jamón a filetes, la cerramos.<br>\r\n\r\n6.- Hacemos unos cortes en el lomo de la lubina e introducimos unas rodajas de limón.<br>\r\n\r\n7.- Rociamos con aceite el pescado, lo metemos al horno.<br>\r\n\r\n8.- El horno ya  precalentado a 190º, la tendremos durante 15 minutos.<br><br>\r\n\r\n\r\n<i>NOTA: El tiempo variará si el pescado es más pequeño o más grande. Esta receta se puede hacer también con otros pescados como  dorada, corvina… escoger el que más os agrade o mejor de precio esté.</i>', 'Nrvh3iGJv2U', 'img/Recetas/2plato/Pescados/Lubina_al_horno.png'),
(56, 'Besamel', '<b>Ingredientes</b><br><br>\r\n<ul>\r\n<li>Leche muy caliente<br>\r\n<li>Harina<br>\r\n<li>Nuez moscada<br>\r\n<li>3 ajos<br>\r\n<li>Queso manchego semicurado<br>\r\n<li>Aceite y sal\r\n</ul>', '<b>Descripción</b><br><br>\r\n\r\n1.- Ponemos aceite a calentar, metemos los ajos y los doramos.<br>\r\n\r\n2.- Añadimos harina, si necesitamos poca besamel con 3 cucharadas soperas de harina será suficiente. Sin dejar ya de remover vamos  rehogándola bien.<br>\r\n\r\n3.- Cuando esté marroncita, le iremos echando la leche  poco a poco, la cantidad dependerá del punto que necesitemos más denso o más fluido.<br>\r\n\r\n4.- Le agregamos la sal, el queso rallado y la nuez moscada.<br>\r\nRemoveremos hasta que esté de nuestro agrado,  se le puede añadir tanta leche como queramos.<br><br>\r\n\r\n\r\n<i>NOTA: Aunque no tenga grumos es aconsejable triturarla para que no se vean los ajos. También se puede añadir más leche si queremos que esté menos densa batiéndola un poco más.</i>', 'cVDJirt-K6w', 'img/Recetas/Salsas/besamel.jpg'),
(57, 'Alioli', '<b>Ingredientes</b><br><br>\r\n<ul>\r\n<li>3 Ajos<br>\r\n<li>Aceite virgen extra y sal<br>\r\n</ul>', '<b>Descripción</b><br><br>\r\n\r\n1.- Pelamos los ajos y los ponemos en el mortero<br>\r\n\r\n2.- Añadimos un poco de sal (si es gorda mejor, patinan menos los ajos).<br>\r\n\r\n3.- Los majamos hasta obtener una pasta o puré.<br>\r\n\r\n4.- Con paciencia incorporamos el aceite muy lentamente y vamos dando vueltas constantemente con el almirez hasta tener la cantidad deseada.<br><br>\r\n\r\n\r\n<i>NOTA: Nos saldrá más cantidad cuanto más aceite pongamos y conseguiremos que pique más añadiendo más ajos.<br>\r\nEste es el alioli original, no precisa de huevo, de añadirle huevo hablaríamos de mayonesa de ajo.</i>', 'nGt8Jtxa6XM', 'img/Recetas/Salsas/alioli_sin_huevo.jpg'),
(58, 'Mayonesa', '<b>Ingredientes</b><br><br>\r\n<ul>\r\n<li>1 Huevo<br>\r\n<li>Aceite de oliva virgen extra<br>\r\n<li>Aceite de girasol<br>\r\n<li>Sal y vinagre\r\n</ul>', '<b>Descripción</b><br><br>\r\n\r\n1.- Ponemos el huevo en el vaso de la batidora junto con un pellizquito de sal y como un dedo de  aceite de oliva.<br>\r\n\r\n2.- Introducimos el brazo de la batidora y no lo movemos hasta que el aceite se vea emulsionado, es entonces cuando comenzamos a subir y bajar el brazo añadiendo al mismo tiempo más aceite ahora ya de girasol.<br>\r\n\r\n3.- Cuando tengamos la cantidad deseada dejamos de añadir aceite. Si queda muy espesa le podemos agregar un chorrito de agua.<br><br>\r\n\r\n\r\n<i>NOTA: Si ponemos un ajo troceado al comienzo junto con el huevo, obtendremos el alioli de máquina, no es como el de mano pero esta muy bueno.<br>\r\nSustituyendo el huevo por leche también tendremos mayonesa sin riesgo de salmonela. Para evitar contaminaciones, es aconsejable cascar el  huevo en un recipiente diferente al que vamos a utilizar.</i>', 'oTU8jMNNE8Q', 'img/Recetas/Salsas/mayonesa.jpg'),
(59, 'Flan chino', '<b>Ingredientes</b><br><br>\r\n<ul>\r\n<li>700 ml de leche<br>\r\n<li>1 sobre de flan chino<br>\r\n<li>100 gr de azúcar (4 cucharadas)<br>\r\n<li>Caramelo líquido<br>\r\n<li>7 galletas<br>\r\n<li>7 nueces<br>\r\n<li>1 ó 2 plátanos muy maduros\r\n</ul>', '<b>Descripción</b><br><br>\r\n\r\n1.- En una flanera le llenamos el fondo con el caramelo líquido, desmenuzamos las galletas y colocamos las nueces troceadas junto con el plátano a rodajas.<br>\r\n\r\n2.- En un recipiente seco vertemos el contenido del sobre junto con el azúcar lo mezclamos. Le ponemos un poco de la leche  para disolverlo bien.<br>\r\n\r\n3.- El resto de la leche la pondremos en el fuego, cuando comience a hervir, agregaremos la mezcla sin dejar de remover y cuando vuelva a hervir de nuevo lo apagaremos.<br>\r\n\r\n4.- Retiraremos el recipiente del fuego y le  daremos unas vueltas.<br>\r\n\r\n5.- Lo volcamos sobre las galletas, plátano y nueces, lo dejamos enfriar y una vez a temperatura ambiente lo metemos dos horas en la nevera antes de desmoldarlo.<br><br>\r\n\r\n\r\n<i>NOTA: Para hacerlo en la Thermomix, colocamos en el vaso la leche, el flan chino y el azúcar. Programamos 7 minutos, 90º, velocidad 4. Ya lo podemos  volcarlo en la flanera.</i>', 'Nj_HH01aqes', 'img/Recetas/Postres/flan_chino.jpg'),
(60, 'Flan de huevo', '<b>Ingredientes</b><br><br>\r\n<ul>\r\n<li>½ l de leche<br>\r\n<li>4 cucharadas soperas de azúcar<br>\r\n<li>4 ó 5 huevos\r\n</ul>', '<b>Descripción</b><br><br>\r\n\r\n1.- Ponemos una sartén al fuego y le echamos 1 cucharada de azúcar (independientemente de las que se ponen en el flan).<br>\r\n\r\n2.- Cuando tome color, ya tendremos el caramelo hecho y lo pondremos en la flanera.<br>\r\n\r\n3.- En la batidora ponemos todos los ingredientes y los mezclaremos bien.<br>\r\n\r\n4.- Añadimos a la flanera lo  de la batidora y la cerramos.<br>\r\n\r\n5.- La metemos en la olla con un poco de agua, cerramos la olla y cuando suba el 2º aro, la apagamos.<br>\r\n\r\n6.- Cuando esté totalmente fría,  la abrimos y metemos la flanera cerrada en la nevera.<br>\r\n\r\n7.- Una vez fría, la sacamos de la nevera y ya la podemos desmoldar.<br><br>\r\n\r\n\r\n<i>NOTA: No precisa de más cocción, sale en su punto. Los flanes de huevo que tienen agujeros es por tener exceso de cocción.<br>\r\nSi os gusta más sólido poner 5 huevos en lugar de 4.</i>', 'UfbsTar9KWk', 'img/Recetas/Postres/Flan_de_huevo.jpg'),
(61, 'Melocotón en Almíbar', '<b>Ingredientes</b><br><br>\r\n<ul>\r\n<li>Melocotones<br>\r\n<li>Agua<br>\r\n<li>Azúcar<br>\r\n<li>Frascos de cristal con tapes nuevos\r\n</ul>', '<b>Descripción</b><br><br>\r\n\r\nESTERILIZAR LOS BOTES PARA LA CONSERVA<br><br>\r\n\r\n1.- Fregaremos bien los botes que vayamos a utilizar, así como sus tapes.<br>\r\n\r\n2.- En una cazuela grande metemos los botes de cristal que nos quepan y ponemos agua hasta cubrirlos, también podemos poner los tapes (que serán nuevos sin usar).<br>\r\n\r\n3.- Cuando hierva fuerte, bajamos a medio fuego y los tenemos 10 minutos.<br>\r\n\r\n4.- Los dejamos sumergidos otros 10 minutos con el fuego apagado.<br>\r\n\r\n5.- Añadimos más agua del grifo y los sacamos con cuidado de no escaldarnos y los dejamos escurrir.<br>\r\n\r\n6.- Repetimos esta operación cuantas veces necesitemos para esterilizar todos los frascos.<br>\r\n\r\n7.- La segunda tanda de botes la meteremos con el agua que tenemos caliente pero rebajada con una  poca del grifo, para que no tenga tanto contraste de temperatura.<br><br>\r\n\r\n\r\nLA CONSERVA<br><br>\r\n\r\n\r\n1.- Lavamos los melocotones debajo del grifo.<br>\r\n\r\n2.- Los cortamos por la mitad y pelamos las dos mitades, les sacamos el hueso.<br>\r\n\r\n3.- Los colocamos con el hueco hacia abajo en el bote, pondremos tantos como quepan.<br>\r\n\r\n4.- Para tarros de 750 gr pondremos 2 cucharadas de azúcar.<br>\r\n\r\n5.- Llenaremos de agua hasta arriba y sacaremos las burbujas que haya.<br>\r\n\r\n6.- Cerramos bien el tape que será nuevo.<br>\r\n\r\n7.- Pondremos los botes en la cazuela donde los esterilizamos, añadimos agua hasta cubrirlos (si alguno saca burbujas al sumergirlo, estará mal cerrado).<br>\r\n\r\n8.- Encendemos el fuego y cuando hierva alegre, lo bajamos a medio fuego y lo tenemos 10 minutos.<br>\r\n\r\n9.- Pasado este tiempo apagamos el fuego y lo dejamos reposar 10 minutos o si se quiere se puede dejar que se enfríe durante unas horas en el agua.<br>\r\n\r\n10.- Se repite esta operación tantas veces como necesitemos, según los tarros que tengamos que cocer.<br>\r\n\r\n11.- Sacamos la conserva del agua y la guardamos en la despensa.', 'mAdkL6SBPgs', 'img/Recetas/Postres/melocotón en almibar.jpg'),
(62, 'Palmeritas de Hojaldre', '<b>Ingredientes</b><br><br>\r\n<ul>\r\n<li>2 Placas de hojaldre congelado<br>\r\n<li>Azúcar\r\n</ul>', '<b>Descripción</b><br><br>\r\n\r\n1.- Descongelamos las placas de hojaldre.<br>\r\n\r\n2.- Si podemos lo desdoblamos sobre la encimera, previamente rociada con azúcar.<br>\r\n\r\n3.- Lo extendemos con un rodillo (o botella de cristal).<br>\r\n\r\n4.- Le añadimos azúcar tantas veces como queramos, se trata de incrustar el azúcar con el rodillo por ambas caras del hojaldre.<br>\r\n\r\n5.- Cuando ya lo hayamos extendido bien, lo rollaremos hacia el centro por dos de sus laterales. Quedarán dos rodillos paralelos y juntos.<br>\r\n\r\n6.- Cortamos estos rodillos de un centímetro y medio.<br>\r\n\r\n7.- Los separamos y aplastamos.<br>\r\n\r\n8.- Colocamos las palmeritas sobre la bandeja de horno y las rociamos con azúcar abundantemente.<br>\r\n\r\n9.- Ponemos el horno a 180º arriba y abajo pero sin aire, durante 25 minutos.<br>\r\n\r\n10.- Pasado este tiempo pondremos el grill y las tendremos hasta que nos guste su aspecto.<br><br>\r\n\r\n\r\n<i>NOTA: Esta receta es aconsejable hacerla con hojaldre congelado, es más sencillo ponerle el azúcar.</i>', 'WEXf9uDGtqc', 'img/Recetas/Postres/palmeritas.jpg'),
(63, 'Pastas de té', '<b>Ingredientes</b><br><br>\r\n<ul>\r\n<li>225 gr de mantequilla<br>\r\n<li>200 gr de harina<br>\r\n<li>175 gr de Maizena<br>\r\n<li>1 huevo<br>\r\n<li>115 gr de azúcar glas<br>\r\n<li>½ cucharadita de sal<br><br>\r\n</ul>\r\nPARA DECORAR:<br><br>\r\n<ul>\r\n<li>Chocolate para fundir<br>\r\n<li>Guindas en almíbar<br>\r\n<li>Coco rallado<br>\r\n<li>Almendra molida\r\n</ul>', '<b>Descripción</b><br><br>\r\n\r\n1.- Ponemos en una batidora la mantequilla punto pomada (se consigue dejándola fuera de la nevera 2 ó 3 horas), junto con el huevo. Batimos para que se mezcle bien.<br>\r\n\r\n2.- Ya la mezcla hecha, le agregamos el azúcar y la ½ cucharadita de sal, lo batimos nuevamente, hasta que esté todo bien mezclado.<br>\r\n\r\n3.- En un bol aparte tamizamos (puede hacerse con un colador) las dos harinas.<br>\r\n\r\n4.- Añadimos las harinas a la mezcla que tenemos en la batidora y batimos para unir todo.<br>\r\n\r\n5.- En cuanto tengamos una masa uniforme ya podemos ponerla en una manga pastelera.<br>\r\n\r\n6.- Preparamos una llanta de horno con papel y vamos poniendo la masa a nuestro gusto, haciendo las figuras que deseemos.<br>\r\n\r\n7.- Una vez tengamos la llanta llena, la metemos al horno que tendremos precalentado a 170º. Con unos 12 minutos será suficiente.<br>\r\n\r\n8.- Para decorarlas deben de estar frías porque si están calientes se rompen.<br>\r\n\r\n9.- Las bañamos en chocolate, o en azúcar glas, almendra o coco. También les podemos poner mermelada.<br><br>\r\n\r\n\r\n<i>NOTA: Es muy importante que estén frías cuando se manipulen, pues son muy delicadas, por eso resultan tan deliciosas. Para las que tenéis la Thermomix en este modelo tiene la mariposa y lo he batido todo en velocidad 3.</i>', 'mRJUkwm9WEE', 'img/Recetas/Postres/Pastas de té.jpg'),
(64, 'Cómo congelar queso', '<b>Necesitaremos</b><br><br>\r\n<ul>\r\n<li>Papel de cera\r\n<li>Fil transparente\r\n</ul>', '<b>Descripción</b><br><br>\r\n\r\nPara evitar que se queme el queso en el congelador lo prepararemos así:<br><br>\r\n\r\n1.- Si el queso está entero, lo cortaremos por la mitad.<br>\r\n\r\n2.- Cada mitad la cortamos en las cuñas que queramos.<br>\r\n\r\n3.- Tomaremos una cuña y la envolveremos en el papel de cera, procurando que tenga el menor aire posible.<br>\r\n\r\n4.- Envolveremos nuevamente esa cuña con fil transparente.<br>\r\n\r\n5.- Estará dispuesta para meterla en el congelador.<br><br>\r\n\r\n\r\nCuando queramos descongelar el queso, lo pasaremos a la nevera y dejaremos que se descongele allí.<br>\r\n\r\nDe esta forma conseguimos que el queso esté como recién cortado, eso sí, tendremos que tener en cuenta las estrellas de nuestro congelador para saber cuánto tiempo lo podemos tener en el congelador.', 'rgfOmLM7LsQ', 'img/Tips/como_congelar_queso.jpg'),
(65, 'Cómo lavar y cocinar caracoles', NULL, '<b>Descripción</b><br><br>\r\n\r\n1.- Si son del campo los dejamos ayunando 10 días mínimo.<br>\r\n\r\n2.- Si son de compra los podemos preparar sin dejarlos ayunar.<br>\r\n\r\n3.- Se dejan un ratito en el fregadero, humedeciéndolos, para que comiencen a salir.<br>\r\n\r\n4.- Después se van lavando debajo del grifo uno por uno, quitándoles todo lo que tengan adherido.<br>\r\n\r\n5.- Los ponemos en la perola con romero o tomillo y los cubrimos de agua.<br>\r\n\r\n6.- Encendemos el fuego y cuando comiencen a hervir pondremos sal abundante.<br>\r\n\r\n7.- Los espumaremos (para quitar el máximo de baba que podamos).<br>\r\n\r\n8.- Bajaremos el fuego al medio y los tendremos 10 minutos.<br>\r\n\r\n9.- Pasado este tiempo los escurrimos bien y los dejamos enfriar.<br>\r\n\r\n10.- Los tendremos dispuestos para congelar o terminar de cocinar.<br><br>\r\n\r\n\r\n<i>NOTA: Cuando los estemos lavando procurar que no tengan mucha agua los que tengamos en el fregadero para que no se ahoguen.<br>\r\nNo pongáis la sal antes de que hiervan porque se esconderán y serán difíciles de comer.</i>', 'oPqkE8ZBGSo', 'img/Tips/como_lavar_y_cocinar_caracoles.jpg'),
(66, 'Cómo limpiar chipirones', NULL, '<b>Descripción</b><br><br>\r\n\r\n1.- Cogemos el chipirón y tiramos de la cabeza, la reservamos.<br>\r\n\r\n2.- Tiene como un plástico que sobresale, lo sacamos, es la columna vertebral del chipirón. La desechamos.<br>\r\n\r\n3.- Miramos en su interior para que no quede nada. Si es necesario sacamos con el dedo lo que quede.<br>\r\n\r\n4.- Tomamos la cabeza, presionamos ligeramente entre los ojos y las patas, sacando la boca (una bolita con un punto negro) y arrancamos las patas del resto, cuidando de no reventar la tinta que tiene en el interior de los ojos.', 'z0LsH2IAy_Q', 'img/Tips/como_limpiar_chipirones.jpg'),
(67, 'Desalar bacalao', NULL, '<b>Descripción</b><br><br>\r\n\r\n1.- Cada trozo de bacalao lo lavamos muy bien debajo del grifo, le quitaremos toda la sal frotando con los dedos para sacar toda la que está incrustada.<br>\r\n\r\n2.- Lo cubriremos de agua en un recipiente bien grande y lo metemos a la nevera.<br>\r\n\r\n3.- A las 24 horas sacaremos los trozos del agua y los volveremos a lavar debajo del grifo, volviéndolos a sumergir en agua limpia.<br>\r\nEsta operación la haremos 2 veces más cada 24 horas, es decir durante 3 días.<br>\r\n\r\nPara que no dudemos si hemos cambiado el agua, es aconsejable fijar un momento del día, por ejemplo por la mañana.<br>\r\n\r\n4.- Cuando pasen los 3 días, lo escurrimos bien y lo secamos con papel de cocina bien seco.<br>\r\n\r\n5.- Ya estará listo para ser cocinado o bien para congelarlo.<br><br>\r\n\r\n\r\n<i>NOTA:En caso de ser migas de bacalao, las lavaremos para quitar toda la sal que podamos y con 2 ó 3 horas en agua es suficiente.</i>', 'thuymkx0G-8', 'img/Tips/como_limpiar_chipirones.jpg'),
(68, 'Esterilizar para hacer conserva', NULL, '<b>Descripción</b><br><br>\r\n\r\n1.- Fregaremos bien los botes que vayamos a utilizar, así como sus tapes.<br>\r\n\r\n2.- En una cazuela grande metemos los botes de cristal que nos quepan y ponemos agua hasta cubrirlos, también podemos poner los tapes (que serán nuevos sin usar).<br>\r\n\r\n3.- Cuando hierva fuerte, bajamos a medio fuego y los tenemos 10 minutos.<br>\r\n\r\n4.- Los dejamos sumergidos otros 10 minutos con el fuego apagado.<br>\r\n\r\n5.- Añadimos más agua del grifo y los sacamos con cuidado de no escaldarnos y los dejamos escurrir.<br>\r\n\r\n6.- Repetimos esta operación cuantas veces necesitemos para esterilizar todos los frascos.<br>\r\n\r\n7.- La segunda tanda de botes la meteremos con el agua que tenemos caliente pero rebajada con una  poca del grifo, para que no tenga tanto contraste de temperatura.', 'XkFfCItQ0Yc', 'img/Tips/Esterilizar_para_conserva.jpg'),
(69, 'Cómo filetear una pechuga', NULL, '<b>Descripción</b><br><br>\r\n\r\n1.- Colocamos la pechuga con la parte más lisa sobre la tabla de corte.<br>\r\n\r\n2.- El trozo largo que sobresale de la media pechuga, lo cortamos.<br>\r\n\r\n3.- A este trozo le llaman solomillo, cortaremos por la mitad sin llegar a cortarlo del todo.<br>\r\n\r\n4.- Continuaremos con el resto de la pechuga cortando los filetes ayudándonos de la mano.<br><br>\r\n\r\n\r\n<i>NOTA: Si necesitamos los filetes como papel de fumar de finos, es aconsejable darle un golpe de congelador a la pechuga para poder manejarla a nuestro antojo.</i>', 'XzClLwIOse0', 'img/Tips/Como_filetear_una_pechuga.jpg'),
(70, 'Hidratar legumbres', NULL, '<b>Descripción</b><br><br>\r\n\r\n1.- Ponemos en un recipiente todo el paquete de la legumbre a hidratar.<br>\r\n\r\n2.- Se cubren de agua sobradamente, las dejamos 24 horas.<br>\r\n\r\nSi en algún momento sobresalen, le añadiremos más agua, deben de estar siempre sumergidas.<br>\r\n\r\n3.- Podemos tenerlas 12 horas pero nos aseguramos con 24 de que estén estupendas. En caso de que saquen espuma, se la quitamos y enjaguamos la legumbre.<br>\r\n\r\n4.- Transcurrido ese tiempo escurrimos el agua y las enjuagamos.<br>\r\n\r\n5.- Ya estarán listas para cocinar o para congelar.<br><br>\r\n\r\n<i>NOTA: Os recuerdo que las lentejas no se hidratan más que 2 ó 3 horas.</i>', 'w-dgGO8Qa0k', 'img/Tips/Hidratar_legumbres.jpg'),
(71, 'Hidratar lentejas', NULL, '<b>Descripción</b><br><br>\r\n\r\n1.- Ponemos en un recipiente un puñado de lentejas y otro para la olla, vienen a ser 100 gr. por persona.<br>\r\n\r\n2.- Se cubren con agua sobradamente, las dejamos 2 ó 3 horas. Es aconsejable ponerlas después de desayunar, así estarán listas para la hora de hacer la comida.<br>\r\n\r\n3.- Transcurrido ese tiempo escurrimos el agua y las enjuagamos.<br>\r\n\r\nYa estarán listas para cocinar.', 'q9CkmhUnFks', 'img/Tips/Hidratar_lentejas.jpg'),
(72, 'Trocear un pollo', NULL, '<b>Descripción</b><br><br>\r\n\r\n1.- Cortamos primero los muslos con dos cortes laterales entre la pechuga y los muslos, doblamos el espinazo (la columna) y cortamos.<br>\r\n\r\n2.- Con un corte en V quitamos la cola.<br>\r\n\r\n3.- Ya le podemos dar el corte por la mitad del espinazo consiguiendo así separar los dos muslos.<br>\r\n\r\n4.- Si queremos separar los muslos de los contra muslos, buscaremos la unión de los huesos y cortaremos por ahí.<br>\r\n\r\n5.- Hacemos otros dos cortes entre lo que queda de espinazo y pechuga, doblamos y cortamos. Reservamos la pechuga y le quitamos la piel y la grasa al hueso del espinazo que nos servirá para caldo.<br>\r\n\r\n6.- Con el cuchillo vamos separando el hueso central de la pechuga.<br>\r\n\r\n7.- Hay un hueso fino en la parte superior metido en la pechuga que se llama horquilla y que se debe de quitar para poder filetearla.<br>\r\n\r\n8.- Cogemos la mitad de la pechuga y por la parte interior tiene un trozo de carne que sobresale del resto (solomillo). Lo cortamos y metemos el cuchillo por la mitad sin llegar a cortarlo del todo, para formar un filete.<br>\r\n\r\n9.- Con el resto de la pechuga le iremos cortando filetes poniendo la mano encima para notar el cuchillo y así hacer los filetes del grosos deseado.', '17-TtAudLr8', 'img/Tips/Como_trocear_un_pollo.jpg'),
(73, 'Masa para pizza', '<b>Ingredientes para 4 o 5 personas</b><br><br>\r\n\r\n400 gr de harina<br>\r\n100 ml de leche templada<br>\r\n100 ml de agua<br>\r\n50 ml de aceite de oliva<br>\r\n1 sobre de levadura de panadería<br>\r\n1 cuacharilla de postre llena de sal', '<b>Descripción</b><br><br>\r\n\r\n\r\n1.-  Mezclamos los líquidos en un bol, la leche estará templada.<br>\r\n\r\n2.-  Disolvemos la levadura con los líquidos.<br>\r\n\r\n3.-  Añadimos la harina y la sal, mezclamos todo bien.<br>\r\n\r\n4.-  Amasamos  con una espátula o con la mano.<br>\r\n\r\n5.-  Dejamos la masa hecha una bola y la tapamos con un paño para que fermente.<br>\r\n\r\n6.-  Pasada media hora habrá doblado su tamaño. Se puede dejar reposar en la nevera si no la vamos a utilizar, puede estar hasta 3 días (tapada).<br><br>\r\n\r\n\r\nTHERMOMIX<br><br>\r\n\r\n1.- Ponemos todos los líquidos en el vaso programamos 20 segundos, velocidad 5<br>\r\n2.- Añadimos la harina y la sal.  1 minuto,  velocidad espiga.<br>\r\n3.- Sacaremos la masa del vaso y la podremos en un bol con un paño tapada para que fermente.<br><br>\r\n\r\n<i>NOTA: Esta masa y todas las que llevan levadura de panadería (levadura de cerveza) se pueden congelar. Es aconsejable congelarla ya con la forma hecha así sólo tendremos que rellenarla y meterla en el horno todavía congelada.</i>', 'ue9J5rp_B8w', 'img/Recetas/Masas/Masa_para_pizza.jpg'),
(74, 'Relleno para pizza', '<b>Ingredientes para 4 ó 5 personas:</b><br><br>\r\n\r\n1 Bote de tomate frito<br>\r\n1 Bote de champiñones laminados y 1 paquete de beicon ahumado<br>\r\n1 Sobre de 4 quesos y queso roquefort si te gusta<br>\r\n1 Sobre de queso mozzarella y orégano', '<b>Descripción</b><br><br>\r\n1.- Extendemos el tomate frito sobre la masa de la pizza.<br>\r\n\r\n2.- Colocamos en una mitad todos los champiñones y sobre ellos el beicon ahumado cortado a tiras.<br>\r\n\r\n3.- Sobre la otra mitad de la masa, ponemos los quesos del sobre. Si os gusta el roquefort podéis poner unos trocitos salteados, se fundirán con el resto de los quesos dando un sabor más intenso.<br>\r\n\r\n4.- Terminaremos dando una capa de mozzarella por toda la pizza (tanto la parte de beicon como la de los quesos).<br>\r\n\r\n5.- La rociamos con orégano y la metemos al horno al máximo que se pueda en tu horno durante 15 minutos.<br>\r\n\r\n6.- La colocamos sobre la rejilla y la ponemos en el suelo del horno.<br><br>\r\n\r\n\r\n<i>NOTA: En mi horno la puedo poner hasta 270º, si en el vuestro hay menos potencia la tendréis 5 ó 10 minutos más, veréis que se pone doradita por los bordes.</i>', 'Wxzdmjc0JAc', 'img/Recetas/Masas/Relleno_para_pizza.jpg'),
(83, 'pruebas', 'rr\r\nqq\r\naaa\r\nzz', 'prueba de ejemplo para hacer cosas', '', '');

-- --------------------------------------------------------

--
-- Estructura de tabla para la tabla `tipo`
--

CREATE TABLE `tipo` (
  `id_receta` int(11) NOT NULL,
  `id_categoria` int(11) NOT NULL
) ENGINE=InnoDB DEFAULT CHARSET=utf8mb4 COLLATE=utf8mb4_spanish_ci;

--
-- Volcado de datos para la tabla `tipo`
--

INSERT INTO `tipo` (`id_receta`, `id_categoria`) VALUES
(1, 1),
(2, 1),
(3, 1),
(4, 1),
(5, 1),
(6, 1),
(7, 1),
(8, 1),
(9, 1),
(10, 1),
(11, 2),
(12, 2),
(13, 2),
(14, 2),
(15, 2),
(16, 3),
(17, 3),
(18, 3),
(19, 3),
(20, 4),
(21, 4),
(22, 4),
(23, 5),
(24, 5),
(25, 5),
(26, 5),
(27, 5),
(28, 5),
(29, 5),
(30, 5),
(31, 5),
(32, 5),
(33, 5),
(34, 5),
(35, 5),
(36, 5),
(37, 5),
(38, 5),
(39, 6),
(40, 6),
(41, 6),
(42, 7),
(43, 7),
(44, 7),
(45, 7),
(46, 7),
(47, 7),
(48, 7),
(49, 7),
(50, 8),
(51, 8),
(52, 9),
(53, 9),
(54, 9),
(55, 9),
(56, 11),
(57, 11),
(58, 11),
(73, 12),
(74, 12),
(59, 13),
(60, 13),
(61, 13),
(62, 13),
(63, 13),
(64, 14),
(65, 14),
(66, 14),
(67, 14),
(68, 14),
(69, 14),
(70, 14),
(71, 14),
(72, 14);

-- --------------------------------------------------------

--
-- Estructura de tabla para la tabla `usuarios`
--

CREATE TABLE `usuarios` (
  `id_user` int(11) NOT NULL,
  `nombre` varchar(25) COLLATE utf8mb4_spanish_ci NOT NULL,
  `apellidos` varchar(50) COLLATE utf8mb4_spanish_ci NOT NULL,
  `login` varchar(25) COLLATE utf8mb4_spanish_ci NOT NULL,
  `password` varchar(256) COLLATE utf8mb4_spanish_ci NOT NULL,
  `correo` varchar(50) COLLATE utf8mb4_spanish_ci NOT NULL,
  `session` varchar(100) COLLATE utf8mb4_spanish_ci NOT NULL
) ENGINE=InnoDB DEFAULT CHARSET=utf8mb4 COLLATE=utf8mb4_spanish_ci;

--
-- Volcado de datos para la tabla `usuarios`
--

INSERT INTO `usuarios` (`id_user`, `nombre`, `apellidos`, `login`, `password`, `correo`, `session`) VALUES
(5, 'Ana', 'Robres', 'Alur', '$2y$10$Hrmx3Eaq6QxJrwqLJitWh.rrKjRk.aPU7CbyneArj5EBd0LcRzmwG', 'serpilar2015@gmail.com', ''),
(6, 'Julio', 'Pecero', 'Asjulio', '$2y$10$Fp431tWWg1nx9kNOCuZsyusSt/phFwZy4hijGCBBzaS3cle5noFZu', 'asjulio94@gmail.com', '');

-- --------------------------------------------------------

--
-- Estructura de tabla para la tabla `valoraciones`
--

CREATE TABLE `valoraciones` (
  `id_valoracion` int(11) NOT NULL,
  `id_usuario` int(11) NOT NULL,
  `id_receta` int(11) NOT NULL,
  `valoracion` int(5) NOT NULL
) ENGINE=InnoDB DEFAULT CHARSET=utf8mb4 COLLATE=utf8mb4_spanish_ci;

--
-- Índices para tablas volcadas
--

--
-- Indices de la tabla `categorias`
--
ALTER TABLE `categorias`
  ADD PRIMARY KEY (`id_categoria`);

--
-- Indices de la tabla `recetas`
--
ALTER TABLE `recetas`
  ADD PRIMARY KEY (`id_receta`);

--
-- Indices de la tabla `tipo`
--
ALTER TABLE `tipo`
  ADD PRIMARY KEY (`id_receta`),
  ADD KEY `id_categoria` (`id_categoria`);

--
-- Indices de la tabla `usuarios`
--
ALTER TABLE `usuarios`
  ADD PRIMARY KEY (`id_user`);

--
-- Indices de la tabla `valoraciones`
--
ALTER TABLE `valoraciones`
  ADD PRIMARY KEY (`id_valoracion`),
  ADD KEY `Receta` (`id_receta`),
  ADD KEY `User` (`id_usuario`);

--
-- AUTO_INCREMENT de las tablas volcadas
--

--
-- AUTO_INCREMENT de la tabla `recetas`
--
ALTER TABLE `recetas`
  MODIFY `id_receta` int(11) NOT NULL AUTO_INCREMENT, AUTO_INCREMENT=84;

--
-- AUTO_INCREMENT de la tabla `usuarios`
--
ALTER TABLE `usuarios`
  MODIFY `id_user` int(11) NOT NULL AUTO_INCREMENT, AUTO_INCREMENT=7;

--
-- AUTO_INCREMENT de la tabla `valoraciones`
--
ALTER TABLE `valoraciones`
  MODIFY `id_valoracion` int(11) NOT NULL AUTO_INCREMENT;

--
-- Restricciones para tablas volcadas
--

--
-- Filtros para la tabla `tipo`
--
ALTER TABLE `tipo`
  ADD CONSTRAINT `tipo_ibfk_1` FOREIGN KEY (`id_receta`) REFERENCES `recetas` (`id_receta`) ON DELETE CASCADE ON UPDATE CASCADE,
  ADD CONSTRAINT `tipo_ibfk_2` FOREIGN KEY (`id_categoria`) REFERENCES `categorias` (`id_categoria`) ON DELETE CASCADE ON UPDATE CASCADE;

--
-- Filtros para la tabla `valoraciones`
--
ALTER TABLE `valoraciones`
  ADD CONSTRAINT `Receta` FOREIGN KEY (`id_receta`) REFERENCES `recetas` (`id_receta`),
  ADD CONSTRAINT `User` FOREIGN KEY (`id_usuario`) REFERENCES `usuarios` (`id_user`);
COMMIT;

/*!40101 SET CHARACTER_SET_CLIENT=@OLD_CHARACTER_SET_CLIENT */;
/*!40101 SET CHARACTER_SET_RESULTS=@OLD_CHARACTER_SET_RESULTS */;
/*!40101 SET COLLATION_CONNECTION=@OLD_COLLATION_CONNECTION */;
